ダウンロードした時刻：2019/03/12 03:49:56,,,,,,,,,,rel humidity,,total rainfall
,,,,,,,,,min,36,,186.5
,東京,東京,東京,東京,東京,,,,median,74,,31.08333333
年月日時,気温(℃),気温(℃),相対湿度(％),相対湿度(％),降水量(mm),,,,max,100,,
,,品質情報,,品質情報,,,,,,,,
24/07/2012 1:00,24.7,8,85,8,0,,,,,,,
24/07/2012 2:00,24.6,8,86,8,0,,,,,,,
24/07/2012 3:00,24.3,8,88,8,0,,,,,,,
24/07/2012 4:00,24.2,8,88,8,0,,,,,,,
24/07/2012 5:00,24,8,89,8,0,,,,,,,
24/07/2012 6:00,24.6,8,86,8,0,,,,,,,
24/07/2012 7:00,24.9,8,84,8,0,,,,,,,
24/07/2012 8:00,25.8,8,80,8,0,,,,,,,
24/07/2012 9:00,27,8,74,8,0,,,,,,,
24/07/2012 10:00,28.3,8,68,8,0,,,,,,,
24/07/2012 11:00,29.2,8,65,8,0,,,,,,,
24/07/2012 12:00,30.6,8,60,8,0,,,,,,,
24/07/2012 13:00,31.3,8,56,8,0,,,,,,,
24/07/2012 14:00,30.8,8,62,8,0,,,,,,,
24/07/2012 15:00,30.3,8,62,8,0,,,,,,,
24/07/2012 16:00,30.3,8,62,8,0,,,,,,,
24/07/2012 17:00,30.4,8,62,8,0,,,,,,,
24/07/2012 18:00,30.3,8,64,8,0,,,,,,,
24/07/2012 19:00,29.6,8,64,8,0,,,,,,,
24/07/2012 20:00,29,8,68,8,0,,,,,,,
24/07/2012 21:00,28.8,8,68,8,0,,,,,,,
24/07/2012 22:00,28,8,72,8,0,,,,,,,
24/07/2012 23:00,28.1,8,72,8,0,,,,,,,
25/07/2012 0:00,28.2,8,70,8,0,,,,,,,
25/07/2012 1:00,28.1,8,72,8,0,,,,,,,
25/07/2012 2:00,26.4,8,81,8,0,,,,,,,
25/07/2012 3:00,26.2,8,82,8,0,,,,,,,
25/07/2012 4:00,26,8,84,8,0,,,,,,,
25/07/2012 5:00,26,8,84,8,0,,,,,,,
25/07/2012 6:00,26.5,8,83,8,0,,,,,,,
25/07/2012 7:00,27.5,8,78,8,0,,,,,,,
25/07/2012 8:00,28.8,8,69,8,0,,,,,,,
25/07/2012 9:00,30.3,8,62,8,0,,,,,,,
25/07/2012 10:00,31.1,8,63,8,0,,,,,,,
25/07/2012 11:00,32.1,8,62,8,0,,,,,,,
25/07/2012 12:00,32.2,8,60,8,0,,,,,,,
25/07/2012 13:00,32.8,8,58,8,0,,,,,,,
25/07/2012 14:00,33,8,55,8,0,,,,,,,
25/07/2012 15:00,32.5,8,55,8,0,,,,,,,
25/07/2012 16:00,32.3,8,58,8,0,,,,,,,
25/07/2012 17:00,31.7,8,59,8,0,,,,,,,
25/07/2012 18:00,30.8,8,67,8,0,,,,,,,
25/07/2012 19:00,29.8,8,73,8,0,,,,,,,
25/07/2012 20:00,29.2,8,74,8,0,,,,,,,
25/07/2012 21:00,28.8,8,77,8,0,,,,,,,
25/07/2012 22:00,28.5,8,78,8,0,,,,,,,
25/07/2012 23:00,28.4,8,80,8,0,,,,,,,
26/07/2012 0:00,27.9,8,84,8,0,,,,,,,
26/07/2012 1:00,27.8,8,86,8,0,,,,,,,
26/07/2012 2:00,28.1,8,83,8,0,,,,,,,
26/07/2012 3:00,27.5,8,86,8,0,,,,,,,
26/07/2012 4:00,27.1,8,85,8,0,,,,,,,
26/07/2012 5:00,26.9,8,87,8,0,,,,,,,
26/07/2012 6:00,27.6,8,84,8,0,,,,,,,
26/07/2012 7:00,28.3,8,78,8,0,,,,,,,
26/07/2012 8:00,30.5,8,71,8,0,,,,,,,
26/07/2012 9:00,31.3,8,65,8,0,,,,,,,
26/07/2012 10:00,33,8,59,8,0,,,,,,,
26/07/2012 11:00,33,8,57,8,0,,,,,,,
26/07/2012 12:00,33.9,8,57,8,0,,,,,,,
26/07/2012 13:00,34.3,8,56,8,0,,,,,,,
26/07/2012 14:00,34.9,8,51,8,0,,,,,,,
26/07/2012 15:00,34.8,8,49,8,0,,,,,,,
26/07/2012 16:00,34.4,8,52,8,0,,,,,,,
26/07/2012 17:00,32.9,8,62,8,0,,,,,,,
26/07/2012 18:00,32.1,8,67,8,0,,,,,,,
26/07/2012 19:00,31.4,8,70,8,0,,,,,,,
26/07/2012 20:00,30.9,8,71,8,0,,,,,,,
26/07/2012 21:00,30.5,8,71,8,0,,,,,,,
26/07/2012 22:00,30.1,8,72,8,0,,,,,,,
26/07/2012 23:00,29.5,8,75,8,0,,,,,,,
27/07/2012 0:00,28.9,8,76,8,0,,,,,,,
27/07/2012 1:00,28.5,8,77,8,0,,,,,,,
27/07/2012 2:00,28.2,8,82,8,0,,,,,,,
27/07/2012 3:00,27.7,8,85,8,0,,,,,,,
27/07/2012 4:00,27.3,8,87,8,0,,,,,,,
27/07/2012 5:00,27.3,8,88,8,0,,,,,,,
27/07/2012 6:00,28.7,8,81,8,0,,,,,,,
27/07/2012 7:00,29.3,8,78,8,0,,,,,,,
27/07/2012 8:00,29.7,8,76,8,0,,,,,,,
27/07/2012 9:00,30.3,8,74,8,0,,,,,,,
27/07/2012 10:00,31.4,8,71,8,0,,,,,,,
27/07/2012 11:00,32.6,8,64,8,0,,,,,,,
27/07/2012 12:00,33,8,62,8,0,,,,,,,
27/07/2012 13:00,34.1,8,60,8,0,,,,,,,
27/07/2012 14:00,33,8,59,8,0,,,,,,,
27/07/2012 15:00,33,8,60,8,0,,,,,,,
27/07/2012 16:00,32.6,8,64,8,0,,,,,,,
27/07/2012 17:00,31.9,8,66,8,0,,,,,,,
27/07/2012 18:00,30.6,8,70,8,0,,,,,,,
27/07/2012 19:00,29.6,8,75,8,0,,,,,,,
27/07/2012 20:00,28.6,8,81,8,0,,,,,,,
27/07/2012 21:00,28.5,8,81,8,0,,,,,,,
27/07/2012 22:00,28.2,8,80,8,0,,,,,,,
27/07/2012 23:00,28.3,8,78,8,0,,,,,,,
28/07/2012 0:00,28.1,8,79,8,0,,,,,,,
28/07/2012 1:00,28.2,8,78,8,0,,,,,,,
28/07/2012 2:00,28,8,79,8,0,,,,,,,
28/07/2012 3:00,27.9,8,78,8,0,,,,,,,
28/07/2012 4:00,27.5,8,80,8,0,,,,,,,
28/07/2012 5:00,27.8,8,78,8,0,,,,,,,
28/07/2012 6:00,28.3,8,77,8,0,,,,,,,
28/07/2012 7:00,29.2,8,74,8,0,,,,,,,
28/07/2012 8:00,30.3,8,75,8,0,,,,,,,
28/07/2012 9:00,31,8,70,8,0,,,,,,,
28/07/2012 10:00,31.5,8,69,8,0,,,,,,,
28/07/2012 11:00,32.1,8,65,8,0,,,,,,,
28/07/2012 12:00,32.9,8,65,8,0,,,,,,,
28/07/2012 13:00,32.7,8,63,8,0,,,,,,,
28/07/2012 14:00,32.6,8,63,8,0,,,,,,,
28/07/2012 15:00,32.4,8,62,8,0,,,,,,,
28/07/2012 16:00,32.5,8,64,8,0,,,,,,,
28/07/2012 17:00,31.3,8,65,8,0,,,,,,,
28/07/2012 18:00,30.7,8,71,8,0,,,,,,,
28/07/2012 19:00,29.7,8,75,8,0,,,,,,,
28/07/2012 20:00,29.4,8,76,8,0,,,,,,,
28/07/2012 21:00,29.3,8,74,8,0,,,,,,,
28/07/2012 22:00,29.5,8,69,8,0,,,,,,,
28/07/2012 23:00,29.3,8,72,8,0,,,,,,,
29/07/2012 0:00,28.7,8,77,8,0,,,,,,,
29/07/2012 1:00,28.2,8,81,8,0,,,,,,,
29/07/2012 2:00,27.6,8,87,8,0,,,,,,,
29/07/2012 3:00,27.9,8,81,8,0,,,,,,,
29/07/2012 4:00,27.7,8,81,8,0,,,,,,,
29/07/2012 5:00,27.6,8,82,8,0,,,,,,,
29/07/2012 6:00,28.4,8,73,8,0,,,,,,,
29/07/2012 7:00,28.7,8,75,8,0,,,,,,,
29/07/2012 8:00,30.2,8,71,8,0,,,,,,,
29/07/2012 9:00,30.7,8,70,8,0,,,,,,,
29/07/2012 10:00,31,8,71,8,0,,,,,,,
29/07/2012 11:00,32.2,8,65,8,0,,,,,,,
29/07/2012 12:00,32.6,8,65,8,0,,,,,,,
29/07/2012 13:00,31.9,8,65,8,0,,,,,,,
29/07/2012 14:00,31.5,8,65,8,0,,,,,,,
29/07/2012 15:00,31.4,8,67,8,0,,,,,,,
29/07/2012 16:00,30.7,8,68,8,0,,,,,,,
29/07/2012 17:00,30.4,8,72,8,0,,,,,,,
29/07/2012 18:00,29.6,8,75,8,0,,,,,,,
29/07/2012 19:00,28.8,8,78,8,0,,,,,,,
29/07/2012 20:00,28.4,8,78,8,0,,,,,,,
29/07/2012 21:00,28,8,80,8,0,,,,,,,
29/07/2012 22:00,28.1,8,80,8,0,,,,,,,
29/07/2012 23:00,28.2,8,78,8,0,,,,,,,
30/07/2012 0:00,28.3,8,77,8,0,,,,,,,
30/07/2012 1:00,28.4,8,74,8,0,,,,,,,
30/07/2012 2:00,28.2,8,73,8,0,,,,,,,
30/07/2012 3:00,28.2,8,74,8,0,,,,,,,
30/07/2012 4:00,28.1,8,73,8,0,,,,,,,
30/07/2012 5:00,27.9,8,73,8,0,,,,,,,
30/07/2012 6:00,28.3,8,72,8,0,,,,,,,
30/07/2012 7:00,29.1,8,70,8,0,,,,,,,
30/07/2012 8:00,30.4,8,65,8,0,,,,,,,
30/07/2012 9:00,31.4,8,61,8,0,,,,,,,
30/07/2012 10:00,31.7,8,61,8,0,,,,,,,
30/07/2012 11:00,31.9,8,61,8,0,,,,,,,
30/07/2012 12:00,32.2,8,60,8,0,,,,,,,
30/07/2012 13:00,32.7,8,61,8,0,,,,,,,
30/07/2012 14:00,31.5,8,63,8,0,,,,,,,
30/07/2012 15:00,31.3,8,64,8,0,,,,,,,
30/07/2012 16:00,30.8,8,67,8,0,,,,,,,
30/07/2012 17:00,30.3,8,71,8,0,,,,,,,
30/07/2012 18:00,29.5,8,73,8,0,,,,,,,
30/07/2012 19:00,28.9,8,75,8,0,,,,,,,
30/07/2012 20:00,28.4,8,76,8,0,,,,,,,
30/07/2012 21:00,28.1,8,78,8,0,,,,,,,
30/07/2012 22:00,27.8,8,80,8,0,,,,,,,
30/07/2012 23:00,27.6,8,81,8,0,,,,,,,
31/07/2012 0:00,27.3,8,81,8,0,,,,,,,
31/07/2012 1:00,26.8,8,83,8,0,,,,,,,
31/07/2012 2:00,26.9,8,82,8,0,,,,,,,
31/07/2012 3:00,26.6,8,82,8,0,,,,,,,
31/07/2012 4:00,26.7,8,79,8,0,,,,,,,
31/07/2012 5:00,26.7,8,78,8,0,,,,,,,
31/07/2012 6:00,26.9,8,76,8,0,,,,,,,
31/07/2012 7:00,27.2,8,71,8,0,,,,,,,
31/07/2012 8:00,27.7,8,72,8,0,,,,,,,
31/07/2012 9:00,28.6,8,67,8,0,,,,,,,
31/07/2012 10:00,30,8,61,8,0,,,,,,,
31/07/2012 11:00,30.9,8,53,8,0,,,,,,,
31/07/2012 12:00,31.7,8,53,8,0,,,,,,,
31/07/2012 13:00,32.7,8,48,8,0,,,,,,,
31/07/2012 14:00,33,8,47,8,0,,,,,,,
31/07/2012 15:00,32.2,8,55,8,0,,,,,,,
31/07/2012 16:00,31.5,8,56,8,0,,,,,,,
31/07/2012 17:00,30.8,8,62,8,0,,,,,,,
31/07/2012 18:00,30.3,8,64,8,0,,,,,,,
31/07/2012 19:00,29.4,8,67,8,0,,,,,,,
31/07/2012 20:00,28.7,8,72,8,0,,,,,,,
31/07/2012 21:00,28.3,8,76,8,0,,,,,,,
31/07/2012 22:00,27.9,8,78,8,0,,,,,,,
31/07/2012 23:00,27.9,8,78,8,0,,,,,,,
1/08/2012 0:00,27.6,8,80,8,0,,,,,,,
1/08/2012 1:00,27.4,8,81,8,0,,,,,,,
1/08/2012 2:00,27.5,8,80,8,0,,,,,,,
1/08/2012 3:00,27.5,8,81,8,0,,,,,,,
1/08/2012 4:00,27.3,8,82,8,0,,,,,,,
1/08/2012 5:00,27.1,8,82,8,0,,,,,,,
1/08/2012 6:00,27.8,8,80,8,0,,,,,,,
1/08/2012 7:00,27.6,8,75,8,0,,,,,,,
1/08/2012 8:00,28,8,74,8,0,,,,,,,
1/08/2012 9:00,30.1,8,67,8,0,,,,,,,
1/08/2012 10:00,31.1,8,60,8,0,,,,,,,
1/08/2012 11:00,32.4,8,59,8,0,,,,,,,
1/08/2012 12:00,31.9,8,61,8,0,,,,,,,
1/08/2012 13:00,30.2,8,68,8,0,,,,,,,
1/08/2012 14:00,31.2,8,62,8,0,,,,,,,
1/08/2012 15:00,31.3,8,63,8,0,,,,,,,
1/08/2012 16:00,31.1,8,62,8,0,,,,,,,
1/08/2012 17:00,31.1,8,62,8,0,,,,,,,
1/08/2012 18:00,30.8,8,65,8,0,,,,,,,
1/08/2012 19:00,30.4,8,66,8,0,,,,,,,
1/08/2012 20:00,29.8,8,67,8,0,,,,,,,
1/08/2012 21:00,29,8,73,8,0,,,,,,,
1/08/2012 22:00,28.7,8,72,8,0,,,,,,,
1/08/2012 23:00,28.2,8,76,8,0,,,,,,,
2/08/2012 0:00,28.1,8,78,8,0,,,,,,,
2/08/2012 1:00,28,8,78,8,0,,,,,,,
2/08/2012 2:00,27.9,8,77,8,0,,,,,,,
2/08/2012 3:00,27.6,8,79,8,0,,,,,,,
2/08/2012 4:00,27.5,8,81,8,0,,,,,,,
2/08/2012 5:00,27.3,8,82,8,0,,,,,,,
2/08/2012 6:00,27.6,8,81,8,0,,,,,,,
2/08/2012 7:00,28.8,8,74,8,0,,,,,,,
2/08/2012 8:00,29.2,8,71,8,0,,,,,,,
2/08/2012 9:00,29.3,8,69,8,0,,,,,,,
2/08/2012 10:00,31.2,8,63,8,0,,,,,,,
2/08/2012 11:00,31.9,8,56,8,0,,,,,,,
2/08/2012 12:00,33,8,51,8,0,,,,,,,
2/08/2012 13:00,34,8,46,8,0,,,,,,,
2/08/2012 14:00,34,8,41,8,0,,,,,,,
2/08/2012 15:00,33.7,8,46,8,0,,,,,,,
2/08/2012 16:00,32.9,8,53,8,0,,,,,,,
2/08/2012 17:00,32,8,59,8,0,,,,,,,
2/08/2012 18:00,31.6,8,60,8,0,,,,,,,
2/08/2012 19:00,31.1,8,64,8,0,,,,,,,
2/08/2012 20:00,30.2,8,66,8,0,,,,,,,
2/08/2012 21:00,29.7,8,67,8,0,,,,,,,
2/08/2012 22:00,29.2,8,71,8,0,,,,,,,
2/08/2012 23:00,28.4,8,77,8,0,,,,,,,
3/08/2012 0:00,28.3,8,77,8,0,,,,,,,
3/08/2012 1:00,28.1,8,76,8,0,,,,,,,
3/08/2012 2:00,28,8,78,8,0,,,,,,,
3/08/2012 3:00,27.9,8,79,8,0,,,,,,,
3/08/2012 4:00,27.6,8,81,8,0,,,,,,,
3/08/2012 5:00,27.5,8,82,8,0,,,,,,,
3/08/2012 6:00,28.2,8,81,8,0,,,,,,,
3/08/2012 7:00,28.7,8,76,8,0,,,,,,,
3/08/2012 8:00,29.9,8,66,8,0,,,,,,,
3/08/2012 9:00,30.6,8,61,8,0,,,,,,,
3/08/2012 10:00,31.1,8,58,8,0,,,,,,,
3/08/2012 11:00,32.3,8,51,8,0,,,,,,,
3/08/2012 12:00,33.9,8,48,8,0,,,,,,,
3/08/2012 13:00,33,8,58,8,0,,,,,,,
3/08/2012 14:00,32.5,8,53,8,0,,,,,,,
3/08/2012 15:00,31.6,8,58,8,0,,,,,,,
3/08/2012 16:00,31.1,8,59,8,0,,,,,,,
3/08/2012 17:00,31.4,8,60,8,0,,,,,,,
3/08/2012 18:00,30.8,8,60,8,0,,,,,,,
3/08/2012 19:00,30,8,66,8,0,,,,,,,
3/08/2012 20:00,28.8,8,69,8,0,,,,,,,
3/08/2012 21:00,28.2,8,69,8,0,,,,,,,
3/08/2012 22:00,28,8,70,8,0,,,,,,,
3/08/2012 23:00,27.9,8,74,8,0,,,,,,,
4/08/2012 0:00,27.6,8,77,8,0,,,,,,,
4/08/2012 1:00,27.3,8,79,8,0,,,,,,,
4/08/2012 2:00,27.1,8,77,8,0,,,,,,,
4/08/2012 3:00,26.7,8,82,8,0,,,,,,,
4/08/2012 4:00,26.3,8,82,8,0,,,,,,,
4/08/2012 5:00,26.3,8,82,8,0,,,,,,,
4/08/2012 6:00,26.2,8,83,8,0,,,,,,,
4/08/2012 7:00,27.6,8,76,8,0,,,,,,,
4/08/2012 8:00,28.4,8,70,8,0,,,,,,,
4/08/2012 9:00,28.6,8,71,8,0,,,,,,,
4/08/2012 10:00,29.3,8,67,8,0,,,,,,,
4/08/2012 11:00,30.2,8,64,8,0,,,,,,,
4/08/2012 12:00,30.8,8,59,8,0,,,,,,,
4/08/2012 13:00,30.7,8,63,8,0,,,,,,,
4/08/2012 14:00,30.6,8,64,8,0,,,,,,,
4/08/2012 15:00,30.9,8,65,8,0,,,,,,,
4/08/2012 16:00,29.5,8,74,8,0,,,,,,,
4/08/2012 17:00,29.6,8,71,8,0,,,,,,,
4/08/2012 18:00,29.8,8,69,8,0,,,,,,,
4/08/2012 19:00,29.2,8,74,8,0,,,,,,,
4/08/2012 20:00,28.7,8,76,8,0,,,,,,,
4/08/2012 21:00,28.4,8,78,8,0,,,,,,,
4/08/2012 22:00,28.1,8,79,8,0,,,,,,,
4/08/2012 23:00,27.6,8,81,8,0,,,,,,,
5/08/2012 0:00,27.4,8,83,8,0,,,,,,,
5/08/2012 1:00,27.3,8,83,8,0,,,,,,,
5/08/2012 2:00,27.3,8,84,8,0,,,,,,,
5/08/2012 3:00,27.3,8,84,8,0,,,,,,,
5/08/2012 4:00,27.1,8,86,8,0,,,,,,,
5/08/2012 5:00,26.9,8,86,8,0,,,,,,,
5/08/2012 6:00,27.3,8,85,8,0,,,,,,,
5/08/2012 7:00,28,8,81,8,0,,,,,,,
5/08/2012 8:00,29.7,8,72,8,0,,,,,,,
5/08/2012 9:00,30.5,8,64,8,0,,,,,,,
5/08/2012 10:00,31.6,8,59,8,0,,,,,,,
5/08/2012 11:00,32.3,8,55,8,0,,,,,,,
5/08/2012 12:00,32.5,8,54,8,0,,,,,,,
5/08/2012 13:00,33.4,8,53,8,0,,,,,,,
5/08/2012 14:00,32.8,8,55,8,0,,,,,,,
5/08/2012 15:00,32.4,8,59,8,0,,,,,,,
5/08/2012 16:00,31.5,8,62,8,0,,,,,,,
5/08/2012 17:00,31.3,8,63,8,0,,,,,,,
5/08/2012 18:00,31,8,63,8,0,,,,,,,
5/08/2012 19:00,29.7,8,70,8,0,,,,,,,
5/08/2012 20:00,29.1,8,72,8,0,,,,,,,
5/08/2012 21:00,28.8,8,74,8,0,,,,,,,
5/08/2012 22:00,29,8,75,8,0,,,,,,,
5/08/2012 23:00,28.9,8,77,8,0,,,,,,,
6/08/2012 0:00,28.6,8,77,8,0,,,,,,,
6/08/2012 1:00,28.4,8,77,8,0,,,,,,,
6/08/2012 2:00,28.3,8,80,8,0,,,,,,,
6/08/2012 3:00,28,8,81,8,0,,,,,,,
6/08/2012 4:00,28,8,81,8,0,,,,,,,
6/08/2012 5:00,27.8,8,81,8,0,,,,,,,
6/08/2012 6:00,28.2,8,79,8,0,,,,,,,
6/08/2012 7:00,28.8,8,77,8,0,,,,,,,
6/08/2012 8:00,29.1,8,74,8,0,,,,,,,
6/08/2012 9:00,29.2,8,76,8,0,,,,,,,
6/08/2012 10:00,28.3,8,80,8,0,,,,,,,
6/08/2012 11:00,26.7,8,86,8,2.5,,,,,,,
6/08/2012 12:00,25.8,8,93,8,6,,,,,,,
6/08/2012 13:00,25.6,8,93,8,4,,,,,,,
6/08/2012 14:00,26,8,94,8,3,,,,,,,
6/08/2012 15:00,26.3,8,83,8,0,,,,,,,
6/08/2012 16:00,27.1,8,78,8,0,,,,,,,
6/08/2012 17:00,27.4,8,78,8,0,,,,,,,
6/08/2012 18:00,27.4,8,80,8,0,,,,,,,
6/08/2012 19:00,26.9,8,83,8,0,,,,,,,
6/08/2012 20:00,27.2,8,79,8,0,,,,,,,
6/08/2012 21:00,26.3,8,85,8,0,,,,,,,
6/08/2012 22:00,26.4,8,85,8,0,,,,,,,
6/08/2012 23:00,26.8,8,83,8,0,,,,,,,
7/08/2012 0:00,27,8,81,8,0,,,,,,,
7/08/2012 1:00,26.4,8,85,8,0,,,,,,,
7/08/2012 2:00,26.6,8,85,8,0,,,,,,,
7/08/2012 3:00,26.2,8,89,8,0,,,,,,,
7/08/2012 4:00,25.8,8,85,8,0,,,,,,,
7/08/2012 5:00,26.1,8,81,8,0,,,,,,,
7/08/2012 6:00,25.8,8,82,8,0,,,,,,,
7/08/2012 7:00,26.5,8,79,8,0,,,,,,,
7/08/2012 8:00,28.5,8,73,8,0,,,,,,,
7/08/2012 9:00,29.6,8,65,8,0,,,,,,,
7/08/2012 10:00,30.6,8,58,8,0,,,,,,,
7/08/2012 11:00,31.1,8,59,8,0,,,,,,,
7/08/2012 12:00,32,8,56,8,0,,,,,,,
7/08/2012 13:00,31.6,8,59,8,0,,,,,,,
7/08/2012 14:00,31.2,8,55,8,0,,,,,,,
7/08/2012 15:00,32,8,52,8,0,,,,,,,
7/08/2012 16:00,31,8,61,8,0,,,,,,,
7/08/2012 17:00,30.4,8,63,8,0,,,,,,,
7/08/2012 18:00,29.7,8,68,8,0,,,,,,,
7/08/2012 19:00,28.9,8,72,8,0,,,,,,,
7/08/2012 20:00,28.7,8,71,8,0,,,,,,,
7/08/2012 21:00,28.4,8,74,8,0,,,,,,,
7/08/2012 22:00,28.2,8,76,8,0,,,,,,,
7/08/2012 23:00,27.8,8,78,8,0,,,,,,,
8/08/2012 0:00,26.6,8,79,8,0,,,,,,,
8/08/2012 1:00,26.1,8,81,8,0,,,,,,,
8/08/2012 2:00,25.2,8,83,8,0,,,,,,,
8/08/2012 3:00,25.4,8,78,8,0,,,,,,,
8/08/2012 4:00,24.8,8,76,8,0,,,,,,,
8/08/2012 5:00,24.4,8,78,8,0,,,,,,,
8/08/2012 6:00,24.1,8,78,8,0,,,,,,,
8/08/2012 7:00,24.1,8,77,8,0,,,,,,,
8/08/2012 8:00,24.3,8,74,8,0,,,,,,,
8/08/2012 9:00,25.2,8,68,8,0,,,,,,,
8/08/2012 10:00,26.3,8,62,8,0,,,,,,,
8/08/2012 11:00,27,8,56,8,0,,,,,,,
8/08/2012 12:00,28,8,54,8,0,,,,,,,
8/08/2012 13:00,29.2,8,52,8,0,,,,,,,
8/08/2012 14:00,29,8,51,8,0,,,,,,,
8/08/2012 15:00,28.8,8,51,8,0,,,,,,,
8/08/2012 16:00,28.7,8,53,8,0,,,,,,,
8/08/2012 17:00,27.6,8,55,8,0,,,,,,,
8/08/2012 18:00,26.8,8,60,8,0,,,,,,,
8/08/2012 19:00,25.3,8,65,8,0,,,,,,,
8/08/2012 20:00,24.6,8,65,8,0,,,,,,,
8/08/2012 21:00,24,8,70,8,0,,,,,,,
8/08/2012 22:00,24,8,69,8,0,,,,,,,
8/08/2012 23:00,23.7,8,69,8,0,,,,,,,
9/08/2012 0:00,23.4,8,69,8,0,,,,,,,
9/08/2012 1:00,23.1,8,71,8,0,,,,,,,
9/08/2012 2:00,23.2,8,69,8,0,,,,,,,
9/08/2012 3:00,23.1,8,70,8,0,,,,,,,
9/08/2012 4:00,23.2,8,71,8,0,,,,,,,
9/08/2012 5:00,23.4,8,68,8,0,,,,,,,
9/08/2012 6:00,23.7,8,64,8,0,,,,,,,
9/08/2012 7:00,24.2,8,63,8,0,,,,,,,
9/08/2012 8:00,25.5,8,62,8,0,,,,,,,
9/08/2012 9:00,26,8,56,8,0,,,,,,,
9/08/2012 10:00,27.2,8,53,8,0,,,,,,,
9/08/2012 11:00,28.8,8,50,8,0,,,,,,,
9/08/2012 12:00,28.9,8,49,8,0,,,,,,,
9/08/2012 13:00,29.1,8,50,8,0,,,,,,,
9/08/2012 14:00,29.2,8,51,8,0,,,,,,,
9/08/2012 15:00,28.9,8,52,8,0,,,,,,,
9/08/2012 16:00,29.1,8,51,8,0,,,,,,,
9/08/2012 17:00,28.6,8,53,8,0,,,,,,,
9/08/2012 18:00,27.3,8,59,8,0,,,,,,,
9/08/2012 19:00,26,8,60,8,0,,,,,,,
9/08/2012 20:00,24.9,8,65,8,0,,,,,,,
9/08/2012 21:00,24.7,8,66,8,0,,,,,,,
9/08/2012 22:00,24.4,8,69,8,0,,,,,,,
9/08/2012 23:00,24.2,8,69,8,0,,,,,,,
10/08/2012 0:00,24.1,8,70,8,0,,,,,,,
24/07/2013 1:00,24.9,8,86,8,0,,,,,,,
24/07/2013 2:00,25,8,85,8,0,,,,,,,
24/07/2013 3:00,24.6,8,86,8,0,,,,,,,
24/07/2013 4:00,24.4,8,87,8,0,,,,,,,
24/07/2013 5:00,24.7,8,86,8,0,,,,,,,
24/07/2013 6:00,24.8,8,87,8,0,,,,,,,
24/07/2013 7:00,25.2,8,85,8,0,,,,,,,
24/07/2013 8:00,25.3,8,85,8,0,,,,,,,
24/07/2013 9:00,25.7,8,83,8,0,,,,,,,
24/07/2013 10:00,26.4,8,80,8,0,,,,,,,
24/07/2013 11:00,26.8,8,79,8,0,,,,,,,
24/07/2013 12:00,26.6,8,80,8,0,,,,,,,
24/07/2013 13:00,26.2,8,84,8,0,,,,,,,
24/07/2013 14:00,26.1,8,86,8,0,,,,,,,
24/07/2013 15:00,26,8,84,8,0.5,,,,,,,
24/07/2013 16:00,25.7,8,86,8,0.5,,,,,,,
24/07/2013 17:00,25.6,8,88,8,0,,,,,,,
24/07/2013 18:00,25.5,8,88,8,0.5,,,,,,,
24/07/2013 19:00,25.2,8,88,8,0,,,,,,,
24/07/2013 20:00,25.3,8,86,8,0,,,,,,,
24/07/2013 21:00,25.3,8,87,8,0,,,,,,,
24/07/2013 22:00,25.1,8,88,8,0,,,,,,,
24/07/2013 23:00,25.1,8,87,8,0,,,,,,,
25/07/2013 0:00,25.1,8,87,8,0,,,,,,,
25/07/2013 1:00,25.2,8,86,8,0,,,,,,,
25/07/2013 2:00,25.1,8,88,8,0,,,,,,,
25/07/2013 3:00,25.1,8,87,8,0,,,,,,,
25/07/2013 4:00,24.5,8,89,8,0,,,,,,,
25/07/2013 5:00,24.4,8,89,8,0,,,,,,,
25/07/2013 6:00,24.1,8,88,8,0,,,,,,,
25/07/2013 7:00,24.6,8,86,8,0,,,,,,,
25/07/2013 8:00,25.1,8,84,8,0,,,,,,,
25/07/2013 9:00,26.1,8,79,8,0,,,,,,,
25/07/2013 10:00,26.7,8,77,8,0,,,,,,,
25/07/2013 11:00,27.1,8,78,8,0,,,,,,,
25/07/2013 12:00,26.6,8,82,8,0,,,,,,,
25/07/2013 13:00,27,8,80,8,0,,,,,,,
25/07/2013 14:00,27.9,8,75,8,0,,,,,,,
25/07/2013 15:00,28.5,8,72,8,0,,,,,,,
25/07/2013 16:00,28.7,8,71,8,0,,,,,,,
25/07/2013 17:00,28.8,8,70,8,0,,,,,,,
25/07/2013 18:00,28.9,8,71,8,0,,,,,,,
25/07/2013 19:00,28.7,8,72,8,0,,,,,,,
25/07/2013 20:00,28.1,8,75,8,0,,,,,,,
25/07/2013 21:00,27.5,8,77,8,0,,,,,,,
25/07/2013 22:00,27.3,8,80,8,0,,,,,,,
25/07/2013 23:00,26.8,8,82,8,0,,,,,,,
26/07/2013 0:00,26.9,8,82,8,0,,,,,,,
26/07/2013 1:00,26.4,8,84,8,0,,,,,,,
26/07/2013 2:00,26.3,8,84,8,0,,,,,,,
26/07/2013 3:00,26.2,8,84,8,0,,,,,,,
26/07/2013 4:00,25.9,8,84,8,0,,,,,,,
26/07/2013 5:00,25.6,8,86,8,0,,,,,,,
26/07/2013 6:00,26,8,82,8,0,,,,,,,
26/07/2013 7:00,26.6,8,80,8,0,,,,,,,
26/07/2013 8:00,27.2,8,79,8,0,,,,,,,
26/07/2013 9:00,27.9,8,76,8,0,,,,,,,
26/07/2013 10:00,28.4,8,73,8,0,,,,,,,
26/07/2013 11:00,29.8,8,67,8,0,,,,,,,
26/07/2013 12:00,30.4,8,68,8,0,,,,,,,
26/07/2013 13:00,31,8,64,8,0,,,,,,,
26/07/2013 14:00,31.2,8,63,8,0,,,,,,,
26/07/2013 15:00,31.3,8,64,8,0,,,,,,,
26/07/2013 16:00,31.4,8,63,8,0,,,,,,,
26/07/2013 17:00,31,8,66,8,0,,,,,,,
26/07/2013 18:00,30.3,8,70,8,0,,,,,,,
26/07/2013 19:00,29.1,8,76,8,0,,,,,,,
26/07/2013 20:00,28.9,8,79,8,0,,,,,,,
26/07/2013 21:00,27.9,8,84,8,0,,,,,,,
26/07/2013 22:00,27.9,8,84,8,0,,,,,,,
26/07/2013 23:00,27.7,8,85,8,0,,,,,,,
27/07/2013 0:00,27.7,8,85,8,0,,,,,,,
27/07/2013 1:00,27.6,8,84,8,0,,,,,,,
27/07/2013 2:00,27.6,8,85,8,0,,,,,,,
27/07/2013 3:00,27.5,8,86,8,0,,,,,,,
27/07/2013 4:00,26.7,8,81,8,0,,,,,,,
27/07/2013 5:00,26,8,76,8,0,,,,,,,
27/07/2013 6:00,25.8,8,79,8,0,,,,,,,
27/07/2013 7:00,26.3,8,77,8,0,,,,,,,
27/07/2013 8:00,27.2,8,76,8,0,,,,,,,
27/07/2013 9:00,28.2,8,71,8,0,,,,,,,
27/07/2013 10:00,29.9,8,64,8,0,,,,,,,
27/07/2013 11:00,31.1,8,64,8,0,,,,,,,
27/07/2013 12:00,31.5,8,62,8,0,,,,,,,
27/07/2013 13:00,31.3,8,66,8,0,,,,,,,
27/07/2013 14:00,31.5,8,65,8,0,,,,,,,
27/07/2013 15:00,30.9,8,66,8,0,,,,,,,
27/07/2013 16:00,30.2,8,73,8,0,,,,,,,
27/07/2013 17:00,29.7,8,74,8,0,,,,,,,
27/07/2013 18:00,28.9,8,80,8,0,,,,,,,
27/07/2013 19:00,28.8,8,80,8,0,,,,,,,
27/07/2013 20:00,22.6,8,92,8,14.5,,,,,,,
27/07/2013 21:00,23,8,89,8,3,,,,,,,
27/07/2013 22:00,22.9,8,89,8,1.5,,,,,,,
27/07/2013 23:00,23.3,8,88,8,0.5,,,,,,,
28/07/2013 0:00,23.2,8,87,8,0,,,,,,,
28/07/2013 1:00,23.3,8,86,8,0.5,,,,,,,
28/07/2013 2:00,23.7,8,84,8,0,,,,,,,
28/07/2013 3:00,23.9,8,83,8,0,,,,,,,
28/07/2013 4:00,23.4,8,86,8,0,,,,,,,
28/07/2013 5:00,23.7,8,81,8,0,,,,,,,
28/07/2013 6:00,23.7,8,81,8,0,,,,,,,
28/07/2013 7:00,24.6,8,80,8,0,,,,,,,
28/07/2013 8:00,25.5,8,73,8,0,,,,,,,
28/07/2013 9:00,26.9,8,67,8,0,,,,,,,
28/07/2013 10:00,28.4,8,61,8,0,,,,,,,
28/07/2013 11:00,30,8,59,8,0,,,,,,,
28/07/2013 12:00,30,8,59,8,0,,,,,,,
28/07/2013 13:00,30.4,8,56,8,0,,,,,,,
28/07/2013 14:00,30.5,8,58,8,0,,,,,,,
28/07/2013 15:00,30.9,8,57,8,0,,,,,,,
28/07/2013 16:00,30.9,8,56,8,0,,,,,,,
28/07/2013 17:00,30.5,8,56,8,0,,,,,,,
28/07/2013 18:00,29.5,8,60,8,0,,,,,,,
28/07/2013 19:00,28.3,8,75,8,0,,,,,,,
28/07/2013 20:00,27.8,8,78,8,0,,,,,,,
28/07/2013 21:00,27.9,8,75,8,0,,,,,,,
28/07/2013 22:00,27.3,8,76,8,0,,,,,,,
28/07/2013 23:00,26.8,8,78,8,0,,,,,,,
29/07/2013 0:00,26.2,8,82,8,0,,,,,,,
29/07/2013 1:00,26.1,8,83,8,0,,,,,,,
29/07/2013 2:00,26.3,8,83,8,0,,,,,,,
29/07/2013 3:00,26.3,8,81,8,0,,,,,,,
29/07/2013 4:00,26.2,8,81,8,0,,,,,,,
29/07/2013 5:00,25.9,8,84,8,0,,,,,,,
29/07/2013 6:00,26.1,8,83,8,0,,,,,,,
29/07/2013 7:00,26.3,8,82,8,0,,,,,,,
29/07/2013 8:00,25.2,8,87,8,0.5,,,,,,,
29/07/2013 9:00,25.4,8,85,8,0,,,,,,,
29/07/2013 10:00,25.5,8,90,8,4,,,,,,,
29/07/2013 11:00,25.6,8,89,8,1.5,,,,,,,
29/07/2013 12:00,25.8,8,89,8,0.5,,,,,,,
29/07/2013 13:00,26.3,8,88,8,0,,,,,,,
29/07/2013 14:00,26.4,8,86,8,0,,,,,,,
29/07/2013 15:00,27,8,81,8,0,,,,,,,
29/07/2013 16:00,26.9,8,85,8,0.5,,,,,,,
29/07/2013 17:00,27.1,8,79,8,0,,,,,,,
29/07/2013 18:00,26.8,8,77,8,0,,,,,,,
29/07/2013 19:00,26.7,8,75,8,0,,,,,,,
29/07/2013 20:00,26.8,8,76,8,0,,,,,,,
29/07/2013 21:00,27.1,8,75,8,0,,,,,,,
29/07/2013 22:00,26.5,8,78,8,0,,,,,,,
29/07/2013 23:00,26.2,8,80,8,0,,,,,,,
30/07/2013 0:00,26,8,87,8,0,,,,,,,
30/07/2013 1:00,25.5,8,90,8,0,,,,,,,
30/07/2013 2:00,25.5,8,89,8,0,,,,,,,
30/07/2013 3:00,25.6,8,88,8,0,,,,,,,
30/07/2013 4:00,25.2,8,88,8,0,,,,,,,
30/07/2013 5:00,25.2,8,88,8,0,,,,,,,
30/07/2013 6:00,25.2,8,88,8,0,,,,,,,
30/07/2013 7:00,25.6,8,85,8,0,,,,,,,
30/07/2013 8:00,26.3,8,80,8,0,,,,,,,
30/07/2013 9:00,27.1,8,78,8,0,,,,,,,
30/07/2013 10:00,27.9,8,75,8,0,,,,,,,
30/07/2013 11:00,28.5,8,72,8,0,,,,,,,
30/07/2013 12:00,28.8,8,70,8,0,,,,,,,
30/07/2013 13:00,29.7,8,70,8,0,,,,,,,
30/07/2013 14:00,30.3,8,67,8,0,,,,,,,
30/07/2013 15:00,30.6,8,66,8,0,,,,,,,
30/07/2013 16:00,30.6,8,63,8,0,,,,,,,
30/07/2013 17:00,30.6,8,66,8,0,,,,,,,
30/07/2013 18:00,30.4,8,68,8,0,,,,,,,
30/07/2013 19:00,28.9,8,75,8,0,,,,,,,
30/07/2013 20:00,28.8,8,76,8,0,,,,,,,
30/07/2013 21:00,28.4,8,79,8,0,,,,,,,
30/07/2013 22:00,27.6,8,80,8,0,,,,,,,
30/07/2013 23:00,27.3,8,82,8,0,,,,,,,
31/07/2013 0:00,26.7,8,83,8,0,,,,,,,
31/07/2013 1:00,26.5,8,82,8,0,,,,,,,
31/07/2013 2:00,25.7,8,84,8,0,,,,,,,
31/07/2013 3:00,25.6,8,84,8,0,,,,,,,
31/07/2013 4:00,25.6,8,83,8,0,,,,,,,
31/07/2013 5:00,25.2,8,84,8,0,,,,,,,
31/07/2013 6:00,25.7,8,83,8,0,,,,,,,
31/07/2013 7:00,26,8,80,8,0,,,,,,,
31/07/2013 8:00,26.3,8,80,8,0,,,,,,,
31/07/2013 9:00,26.8,8,77,8,0,,,,,,,
31/07/2013 10:00,27.8,8,74,8,0,,,,,,,
31/07/2013 11:00,28.3,8,72,8,0,,,,,,,
31/07/2013 12:00,28.5,8,74,8,0,,,,,,,
31/07/2013 13:00,29.5,8,72,8,0,,,,,,,
31/07/2013 14:00,29.7,8,68,8,0,,,,,,,
31/07/2013 15:00,29.7,8,66,8,0,,,,,,,
31/07/2013 16:00,29.7,8,68,8,0,,,,,,,
31/07/2013 17:00,29.2,8,72,8,0,,,,,,,
31/07/2013 18:00,29.3,8,72,8,0,,,,,,,
31/07/2013 19:00,28.2,8,77,8,0,,,,,,,
31/07/2013 20:00,27.4,8,80,8,0,,,,,,,
31/07/2013 21:00,27.4,8,80,8,0,,,,,,,
31/07/2013 22:00,26.6,8,81,8,0,,,,,,,
31/07/2013 23:00,26.4,8,81,8,0,,,,,,,
1/08/2013 0:00,26.1,8,81,8,0,,,,,,,
1/08/2013 1:00,26.2,8,82,8,0,,,,,,,
1/08/2013 2:00,26.1,8,81,8,0,,,,,,,
1/08/2013 3:00,26.2,8,84,8,0,,,,,,,
1/08/2013 4:00,26.3,8,84,8,0,,,,,,,
1/08/2013 5:00,26.1,8,87,8,0,,,,,,,
1/08/2013 6:00,26.6,8,85,8,0,,,,,,,
1/08/2013 7:00,26.5,8,87,8,0,,,,,,,
1/08/2013 8:00,26.3,8,87,8,0,,,,,,,
1/08/2013 9:00,26.3,8,88,8,0.5,,,,,,,
1/08/2013 10:00,27,8,86,8,0,,,,,,,
1/08/2013 11:00,28.4,8,82,8,0,,,,,,,
1/08/2013 12:00,29.5,8,76,8,0,,,,,,,
1/08/2013 13:00,30.5,8,69,8,0,,,,,,,
1/08/2013 14:00,31.7,8,68,8,0,,,,,,,
1/08/2013 15:00,31.9,8,63,8,0,,,,,,,
1/08/2013 16:00,32.1,8,60,8,0,,,,,,,
1/08/2013 17:00,30.8,8,72,8,0,,,,,,,
1/08/2013 18:00,29.1,8,76,8,0,,,,,,,
1/08/2013 19:00,27,8,82,8,0,,,,,,,
1/08/2013 20:00,25.6,8,84,8,0,,,,,,,
1/08/2013 21:00,25.4,8,82,8,0,,,,,,,
1/08/2013 22:00,25.2,8,81,8,0,,,,,,,
1/08/2013 23:00,24.8,8,82,8,0,,,,,,,
2/08/2013 0:00,24.6,8,82,8,0,,,,,,,
2/08/2013 1:00,24,8,84,8,0,,,,,,,
2/08/2013 2:00,23.9,8,83,8,0,,,,,,,
2/08/2013 3:00,23.5,8,84,8,0,,,,,,,
2/08/2013 4:00,23.6,8,83,8,0,,,,,,,
2/08/2013 5:00,23.3,8,83,8,0,,,,,,,
2/08/2013 6:00,23.2,8,84,8,0,,,,,,,
2/08/2013 7:00,23.1,8,83,8,0,,,,,,,
2/08/2013 8:00,24.4,8,76,8,0,,,,,,,
2/08/2013 9:00,24.6,8,77,8,0,,,,,,,
2/08/2013 10:00,25.7,8,71,8,0,,,,,,,
2/08/2013 11:00,26.6,8,68,8,0,,,,,,,
2/08/2013 12:00,27.2,8,65,8,0,,,,,,,
2/08/2013 13:00,28.4,8,62,8,0,,,,,,,
2/08/2013 14:00,28,8,66,8,0,,,,,,,
2/08/2013 15:00,28.4,8,66,8,0,,,,,,,
2/08/2013 16:00,28.5,8,63,8,0,,,,,,,
2/08/2013 17:00,28.1,8,67,8,0,,,,,,,
2/08/2013 18:00,27.6,8,69,8,0,,,,,,,
2/08/2013 19:00,26.8,8,72,8,0,,,,,,,
2/08/2013 20:00,25.9,8,72,8,0,,,,,,,
2/08/2013 21:00,24.9,8,75,8,0,,,,,,,
2/08/2013 22:00,25,8,73,8,0,,,,,,,
2/08/2013 23:00,24.6,8,70,8,0,,,,,,,
3/08/2013 0:00,24.6,8,67,8,0,,,,,,,
3/08/2013 1:00,24.6,8,65,8,0,,,,,,,
3/08/2013 2:00,24.2,8,68,8,0,,,,,,,
3/08/2013 3:00,24.2,8,70,8,0,,,,,,,
3/08/2013 4:00,23.8,8,74,8,0,,,,,,,
3/08/2013 5:00,23.6,8,76,8,0,,,,,,,
3/08/2013 6:00,23.9,8,76,8,0,,,,,,,
3/08/2013 7:00,24.2,8,75,8,0,,,,,,,
3/08/2013 8:00,25.4,8,74,8,0,,,,,,,
3/08/2013 9:00,26,8,71,8,0,,,,,,,
3/08/2013 10:00,27.8,8,65,8,0,,,,,,,
3/08/2013 11:00,28.7,8,58,8,0,,,,,,,
3/08/2013 12:00,28.3,8,63,8,0,,,,,,,
3/08/2013 13:00,29.5,8,59,8,0,,,,,,,
3/08/2013 14:00,30.2,8,56,8,0,,,,,,,
3/08/2013 15:00,29.8,8,53,8,0,,,,,,,
3/08/2013 16:00,29.6,8,56,8,0,,,,,,,
3/08/2013 17:00,29.6,8,57,8,0,,,,,,,
3/08/2013 18:00,28.5,8,65,8,0,,,,,,,
3/08/2013 19:00,27.7,8,70,8,0,,,,,,,
3/08/2013 20:00,26.7,8,73,8,0,,,,,,,
3/08/2013 21:00,26.3,8,76,8,0,,,,,,,
3/08/2013 22:00,26.2,8,78,8,0,,,,,,,
3/08/2013 23:00,25.8,8,82,8,0,,,,,,,
4/08/2013 0:00,25.7,8,81,8,0,,,,,,,
4/08/2013 1:00,25.6,8,82,8,0,,,,,,,
4/08/2013 2:00,25.5,8,82,8,0,,,,,,,
4/08/2013 3:00,25.7,8,81,8,0,,,,,,,
4/08/2013 4:00,25.8,8,81,8,0,,,,,,,
4/08/2013 5:00,25.7,8,82,8,0,,,,,,,
4/08/2013 6:00,26.1,8,82,8,0,,,,,,,
4/08/2013 7:00,26,8,82,8,0,,,,,,,
4/08/2013 8:00,26.6,8,80,8,0,,,,,,,
4/08/2013 9:00,27.4,8,76,8,0,,,,,,,
4/08/2013 10:00,28.6,8,70,8,0,,,,,,,
4/08/2013 11:00,28.7,8,71,8,0,,,,,,,
4/08/2013 12:00,29.5,8,66,8,0,,,,,,,
4/08/2013 13:00,29.9,8,62,8,0,,,,,,,
4/08/2013 14:00,30.6,8,60,8,0,,,,,,,
4/08/2013 15:00,29.8,8,64,8,0,,,,,,,
4/08/2013 16:00,29.7,8,65,8,0,,,,,,,
4/08/2013 17:00,28.9,8,69,8,0,,,,,,,
4/08/2013 18:00,28.9,8,71,8,0,,,,,,,
4/08/2013 19:00,28.4,8,75,8,0,,,,,,,
4/08/2013 20:00,28,8,76,8,0,,,,,,,
4/08/2013 21:00,27.8,8,79,8,0,,,,,,,
4/08/2013 22:00,27.8,8,80,8,0,,,,,,,
4/08/2013 23:00,27.7,8,82,8,0,,,,,,,
5/08/2013 0:00,27.4,8,84,8,0,,,,,,,
5/08/2013 1:00,27.1,8,85,8,0,,,,,,,
5/08/2013 2:00,27.1,8,85,8,0,,,,,,,
5/08/2013 3:00,27.1,8,85,8,0,,,,,,,
5/08/2013 4:00,27.1,8,83,8,0,,,,,,,
5/08/2013 5:00,27,8,83,8,0,,,,,,,
5/08/2013 6:00,27.3,8,81,8,0,,,,,,,
5/08/2013 7:00,27.9,8,77,8,0,,,,,,,
5/08/2013 8:00,29.2,8,67,8,0,,,,,,,
5/08/2013 9:00,30.3,8,62,8,0,,,,,,,
5/08/2013 10:00,30.5,8,64,8,0,,,,,,,
5/08/2013 11:00,30.7,8,65,8,0,,,,,,,
5/08/2013 12:00,30.8,8,66,8,0,,,,,,,
5/08/2013 13:00,32.1,8,60,8,0,,,,,,,
5/08/2013 14:00,31.5,8,62,8,0,,,,,,,
5/08/2013 15:00,31.1,8,66,8,0,,,,,,,
5/08/2013 16:00,30.4,8,68,8,0,,,,,,,
5/08/2013 17:00,30.1,8,70,8,0,,,,,,,
5/08/2013 18:00,30.1,8,69,8,0,,,,,,,
5/08/2013 19:00,29.3,8,71,8,0,,,,,,,
5/08/2013 20:00,29.1,8,73,8,0,,,,,,,
5/08/2013 21:00,28.9,8,78,8,0,,,,,,,
5/08/2013 22:00,28.4,8,81,8,0,,,,,,,
5/08/2013 23:00,28,8,81,8,0,,,,,,,
6/08/2013 0:00,28.1,8,82,8,0,,,,,,,
6/08/2013 1:00,27.9,8,83,8,0,,,,,,,
6/08/2013 2:00,27.8,8,84,8,0,,,,,,,
6/08/2013 3:00,27.5,8,85,8,0,,,,,,,
6/08/2013 4:00,27.4,8,86,8,0,,,,,,,
6/08/2013 5:00,27.5,8,86,8,0,,,,,,,
6/08/2013 6:00,27.9,8,84,8,0,,,,,,,
6/08/2013 7:00,27.9,8,87,8,0,,,,,,,
6/08/2013 8:00,27.5,8,88,8,2.5,,,,,,,
6/08/2013 9:00,27,8,87,8,4.5,,,,,,,
6/08/2013 10:00,30.1,8,74,8,0,,,,,,,
6/08/2013 11:00,31.5,8,65,8,0,,,,,,,
6/08/2013 12:00,31.2,8,68,8,0,,,,,,,
6/08/2013 13:00,31.1,8,67,8,0,,,,,,,
6/08/2013 14:00,31.4,8,67,8,0,,,,,,,
6/08/2013 15:00,30.5,8,69,8,0,,,,,,,
6/08/2013 16:00,30.3,8,68,8,0,,,,,,,
6/08/2013 17:00,28.2,8,81,8,3,,,,,,,
6/08/2013 18:00,28.7,8,81,8,0.5,,,,,,,
6/08/2013 19:00,28,8,83,8,0,,,,,,,
6/08/2013 20:00,27.5,8,88,8,0,,,,,,,
6/08/2013 21:00,28.5,8,82,8,0,,,,,,,
6/08/2013 22:00,28.1,8,84,8,0,,,,,,,
6/08/2013 23:00,27.8,8,85,8,0,,,,,,,
7/08/2013 0:00,27.5,8,86,8,0,,,,,,,
7/08/2013 1:00,26.9,8,82,8,0,,,,,,,
7/08/2013 2:00,26.2,8,81,8,0,,,,,,,
7/08/2013 3:00,26.1,8,83,8,0,,,,,,,
7/08/2013 4:00,26.4,8,81,8,0,,,,,,,
7/08/2013 5:00,26.4,8,81,8,0,,,,,,,
7/08/2013 6:00,26.3,8,82,8,0,,,,,,,
7/08/2013 7:00,27,8,78,8,0,,,,,,,
7/08/2013 8:00,28.8,8,73,8,0,,,,,,,
7/08/2013 9:00,30.5,8,63,8,0,,,,,,,
7/08/2013 10:00,31.3,8,52,8,0,,,,,,,
7/08/2013 11:00,33.8,8,51,8,0,,,,,,,
7/08/2013 12:00,32.7,8,57,8,0,,,,,,,
7/08/2013 13:00,33.2,8,53,8,0,,,,,,,
7/08/2013 14:00,34.3,8,46,8,0,,,,,,,
7/08/2013 15:00,34.2,8,48,8,0,,,,,,,
7/08/2013 16:00,34,8,48,8,0,,,,,,,
7/08/2013 17:00,32.6,8,52,8,0,,,,,,,
7/08/2013 18:00,31.3,8,63,8,0,,,,,,,
7/08/2013 19:00,30.9,8,64,8,0,,,,,,,
7/08/2013 20:00,30.4,8,67,8,0,,,,,,,
7/08/2013 21:00,30.1,8,66,8,0,,,,,,,
7/08/2013 22:00,29.6,8,67,8,0,,,,,,,
7/08/2013 23:00,29.2,8,69,8,0,,,,,,,
8/08/2013 0:00,28.7,8,71,8,0,,,,,,,
8/08/2013 1:00,28.4,8,73,8,0,,,,,,,
8/08/2013 2:00,28.3,8,72,8,0,,,,,,,
8/08/2013 3:00,27.7,8,77,8,0,,,,,,,
8/08/2013 4:00,27.8,8,77,8,0,,,,,,,
8/08/2013 5:00,27.5,8,77,8,0,,,,,,,
8/08/2013 6:00,27.4,8,76,8,0,,,,,,,
8/08/2013 7:00,28.8,8,71,8,0,,,,,,,
8/08/2013 8:00,29.8,8,64,8,0,,,,,,,
8/08/2013 9:00,30.9,8,60,8,0,,,,,,,
8/08/2013 10:00,32,8,57,8,0,,,,,,,
8/08/2013 11:00,31.9,8,60,8,0,,,,,,,
8/08/2013 12:00,32,8,63,8,0,,,,,,,
8/08/2013 13:00,33.9,8,59,8,0,,,,,,,
8/08/2013 14:00,32.8,8,57,8,0,,,,,,,
8/08/2013 15:00,33.4,8,58,8,0,,,,,,,
8/08/2013 16:00,32.8,8,59,8,0,,,,,,,
8/08/2013 17:00,32.1,8,63,8,0,,,,,,,
8/08/2013 18:00,31.8,8,65,8,0,,,,,,,
8/08/2013 19:00,31.2,8,68,8,0,,,,,,,
8/08/2013 20:00,29.6,8,78,8,0,,,,,,,
8/08/2013 21:00,29.2,8,80,8,0,,,,,,,
8/08/2013 22:00,29.1,8,81,8,0,,,,,,,
8/08/2013 23:00,29,8,83,8,0,,,,,,,
9/08/2013 0:00,28.7,8,84,8,0,,,,,,,
9/08/2013 1:00,28.8,8,83,8,0,,,,,,,
9/08/2013 2:00,28.6,8,82,8,0,,,,,,,
9/08/2013 3:00,28.5,8,84,8,0,,,,,,,
9/08/2013 4:00,28,8,86,8,0,,,,,,,
9/08/2013 5:00,27.8,8,86,8,0,,,,,,,
9/08/2013 6:00,28.1,8,84,8,0,,,,,,,
9/08/2013 7:00,29.1,8,80,8,0,,,,,,,
9/08/2013 8:00,30.2,8,75,8,0,,,,,,,
9/08/2013 9:00,31.5,8,69,8,0,,,,,,,
9/08/2013 10:00,32.3,8,65,8,0,,,,,,,
9/08/2013 11:00,33.5,8,65,8,0,,,,,,,
9/08/2013 12:00,33.8,8,62,8,0,,,,,,,
9/08/2013 13:00,33.6,8,64,8,0,,,,,,,
9/08/2013 14:00,33.2,8,65,8,0,,,,,,,
9/08/2013 15:00,33.1,8,66,8,0,,,,,,,
9/08/2013 16:00,32.8,8,68,8,0,,,,,,,
9/08/2013 17:00,32.6,8,71,8,0,,,,,,,
9/08/2013 18:00,32.4,8,71,8,0,,,,,,,
9/08/2013 19:00,31.8,8,73,8,0,,,,,,,
9/08/2013 20:00,31.5,8,75,8,0,,,,,,,
9/08/2013 21:00,31.1,8,77,8,0,,,,,,,
9/08/2013 22:00,30.7,8,79,8,0,,,,,,,
9/08/2013 23:00,30.4,8,80,8,0,,,,,,,
10/08/2013 0:00,30.3,8,80,8,0,,,,,,,
24/07/2014 1:00,28.8,8,74,8,0,,,,,,,
24/07/2014 2:00,28.4,8,75,8,0,,,,,,,
24/07/2014 3:00,27.9,8,78,8,0,,,,,,,
24/07/2014 4:00,28,8,76,8,0,,,,,,,
24/07/2014 5:00,27.5,8,80,8,0,,,,,,,
24/07/2014 6:00,27.9,8,79,8,0,,,,,,,
24/07/2014 7:00,28.3,8,77,8,0,,,,,,,
24/07/2014 8:00,29.6,8,73,8,0,,,,,,,
24/07/2014 9:00,30.5,8,71,8,0,,,,,,,
24/07/2014 10:00,31.3,8,67,8,0,,,,,,,
24/07/2014 11:00,33,8,61,8,0,,,,,,,
24/07/2014 12:00,32.5,8,63,8,0,,,,,,,
24/07/2014 13:00,33.8,8,59,8,0,,,,,,,
24/07/2014 14:00,33.8,8,57,8,0,,,,,,,
24/07/2014 15:00,34,8,55,8,0,,,,,,,
24/07/2014 16:00,34.3,8,58,8,0,,,,,,,
24/07/2014 17:00,33.8,8,58,8,0,,,,,,,
24/07/2014 18:00,30.9,8,68,8,0,,,,,,,
24/07/2014 19:00,29,8,73,8,0,,,,,,,
24/07/2014 20:00,27.1,8,86,8,6,,,,,,,
24/07/2014 21:00,26.5,8,89,8,1,,,,,,,
24/07/2014 22:00,27,8,85,8,0,,,,,,,
24/07/2014 23:00,26.8,8,85,8,0,,,,,,,
25/07/2014 0:00,26.6,8,84,8,0,,,,,,,
25/07/2014 1:00,26.7,8,82,8,0,,,,,,,
25/07/2014 2:00,26.5,8,82,8,0,,,,,,,
25/07/2014 3:00,26.6,8,81,8,0,,,,,,,
25/07/2014 4:00,26.7,8,80,8,0,,,,,,,
25/07/2014 5:00,27,8,80,8,0,,,,,,,
25/07/2014 6:00,27.2,8,80,8,0,,,,,,,
25/07/2014 7:00,28.5,8,75,8,0,,,,,,,
25/07/2014 8:00,29.7,8,69,8,0,,,,,,,
25/07/2014 9:00,30.6,8,65,8,0,,,,,,,
25/07/2014 10:00,32.3,8,59,8,0,,,,,,,
25/07/2014 11:00,33.7,8,56,8,0,,,,,,,
25/07/2014 12:00,33.6,8,54,8,0,,,,,,,
25/07/2014 13:00,34.7,8,50,8,0,,,,,,,
25/07/2014 14:00,34.8,8,48,8,0,,,,,,,
25/07/2014 15:00,33.8,8,52,8,0,,,,,,,
25/07/2014 16:00,33.1,8,53,8,0,,,,,,,
25/07/2014 17:00,32.5,8,55,8,0,,,,,,,
25/07/2014 18:00,31.9,8,58,8,0,,,,,,,
25/07/2014 19:00,31.4,8,61,8,0,,,,,,,
25/07/2014 20:00,30.9,8,65,8,0,,,,,,,
25/07/2014 21:00,30.9,8,66,8,0,,,,,,,
25/07/2014 22:00,30.3,8,68,8,0,,,,,,,
25/07/2014 23:00,29.6,8,71,8,0,,,,,,,
26/07/2014 0:00,29.5,8,72,8,0,,,,,,,
26/07/2014 1:00,29.2,8,75,8,0,,,,,,,
26/07/2014 2:00,28.6,8,79,8,0,,,,,,,
26/07/2014 3:00,28.7,8,81,8,0,,,,,,,
26/07/2014 4:00,28.4,8,83,8,0,,,,,,,
26/07/2014 5:00,28,8,85,8,0,,,,,,,
26/07/2014 6:00,28.5,8,82,8,0,,,,,,,
26/07/2014 7:00,29.2,8,80,8,0,,,,,,,
26/07/2014 8:00,29.8,8,74,8,0,,,,,,,
26/07/2014 9:00,30.5,8,73,8,0,,,,,,,
26/07/2014 10:00,32,8,66,8,0,,,,,,,
26/07/2014 11:00,32,8,63,8,0,,,,,,,
26/07/2014 12:00,32.5,8,60,8,0,,,,,,,
26/07/2014 13:00,33.5,8,57,8,0,,,,,,,
26/07/2014 14:00,33.6,8,56,8,0,,,,,,,
26/07/2014 15:00,32.4,8,64,8,0,,,,,,,
26/07/2014 16:00,32.1,8,67,8,0,,,,,,,
26/07/2014 17:00,31,8,74,8,0,,,,,,,
26/07/2014 18:00,30.7,8,77,8,0,,,,,,,
26/07/2014 19:00,30.9,8,72,8,0,,,,,,,
26/07/2014 20:00,30.7,8,70,8,0,,,,,,,
26/07/2014 21:00,30.3,8,68,8,0,,,,,,,
26/07/2014 22:00,29.9,8,69,8,0,,,,,,,
26/07/2014 23:00,29.8,8,70,8,0,,,,,,,
27/07/2014 0:00,29.5,8,71,8,0,,,,,,,
27/07/2014 1:00,29.4,8,71,8,0,,,,,,,
27/07/2014 2:00,29.5,8,70,8,0,,,,,,,
27/07/2014 3:00,29.7,8,68,8,0,,,,,,,
27/07/2014 4:00,29,8,72,8,0,,,,,,,
27/07/2014 5:00,28.4,8,75,8,0,,,,,,,
27/07/2014 6:00,28.8,8,73,8,0,,,,,,,
27/07/2014 7:00,29.8,8,69,8,0,,,,,,,
27/07/2014 8:00,30.8,8,68,8,0,,,,,,,
27/07/2014 9:00,31.4,8,66,8,0,,,,,,,
27/07/2014 10:00,32.6,8,67,8,0,,,,,,,
27/07/2014 11:00,32.6,8,63,8,0,,,,,,,
27/07/2014 12:00,32.9,8,63,8,0,,,,,,,
27/07/2014 13:00,33.2,8,60,8,0,,,,,,,
27/07/2014 14:00,33.4,8,63,8,0,,,,,,,
27/07/2014 15:00,31.5,8,60,8,0,,,,,,,
27/07/2014 16:00,28,8,87,8,3,,,,,,,
27/07/2014 17:00,28.4,8,86,8,0,,,,,,,
27/07/2014 18:00,28.9,8,80,8,0,,,,,,,
27/07/2014 19:00,28.6,8,79,8,0,,,,,,,
27/07/2014 20:00,29.2,8,72,8,0,,,,,,,
27/07/2014 21:00,29.4,8,71,8,0,,,,,,,
27/07/2014 22:00,29.6,8,60,8,0,,,,,,,
27/07/2014 23:00,28.9,8,63,8,0,,,,,,,
28/07/2014 0:00,28.5,8,61,8,0,,,,,,,
28/07/2014 1:00,28.4,8,52,8,0,,,,,,,
28/07/2014 2:00,27.3,8,56,8,0,,,,,,,
28/07/2014 3:00,26.7,8,57,8,0,,,,,,,
28/07/2014 4:00,26.4,8,59,8,0,,,,,,,
28/07/2014 5:00,26.2,8,61,8,0,,,,,,,
28/07/2014 6:00,26.4,8,58,8,0,,,,,,,
28/07/2014 7:00,26.9,8,65,8,0,,,,,,,
28/07/2014 8:00,27.2,8,60,8,0,,,,,,,
28/07/2014 9:00,27.1,8,58,8,0,,,,,,,
28/07/2014 10:00,27.7,8,59,8,0,,,,,,,
28/07/2014 11:00,28.8,8,55,8,0,,,,,,,
28/07/2014 12:00,28.9,8,53,8,0,,,,,,,
28/07/2014 13:00,29.1,8,55,8,0,,,,,,,
28/07/2014 14:00,29.8,8,51,8,0,,,,,,,
28/07/2014 15:00,29.4,8,53,8,0,,,,,,,
28/07/2014 16:00,29.4,8,55,8,0,,,,,,,
28/07/2014 17:00,29,8,56,8,0,,,,,,,
28/07/2014 18:00,28.5,8,52,8,0,,,,,,,
28/07/2014 19:00,28.1,8,52,8,0,,,,,,,
28/07/2014 20:00,27.6,8,54,8,0,,,,,,,
28/07/2014 21:00,27.2,8,59,8,0,,,,,,,
28/07/2014 22:00,26.6,8,63,8,0,,,,,,,
28/07/2014 23:00,26.3,8,64,8,0,,,,,,,
29/07/2014 0:00,26.3,8,64,8,0,,,,,,,
29/07/2014 1:00,25.7,8,67,8,0,,,,,,,
29/07/2014 2:00,25.3,8,69,8,0,,,,,,,
29/07/2014 3:00,25.1,8,72,8,0,,,,,,,
29/07/2014 4:00,24.4,8,78,8,0,,,,,,,
29/07/2014 5:00,24.5,8,73,8,0,,,,,,,
29/07/2014 6:00,25.1,8,71,8,0,,,,,,,
29/07/2014 7:00,26.4,8,63,8,0,,,,,,,
29/07/2014 8:00,27.7,8,58,8,0,,,,,,,
29/07/2014 9:00,29.1,8,48,8,0,,,,,,,
29/07/2014 10:00,29.4,8,55,8,0,,,,,,,
29/07/2014 11:00,30.1,8,41,8,0,,,,,,,
29/07/2014 12:00,30.4,8,50,8,0,,,,,,,
29/07/2014 13:00,30.7,8,52,8,0,,,,,,,
29/07/2014 14:00,30.4,8,50,8,0,,,,,,,
29/07/2014 15:00,30.3,8,50,8,0,,,,,,,
29/07/2014 16:00,30.2,8,48,8,0,,,,,,,
29/07/2014 17:00,29.3,8,51,8,0,,,,,,,
29/07/2014 18:00,28.5,8,56,8,0,,,,,,,
29/07/2014 19:00,27.7,8,61,8,0,,,,,,,
29/07/2014 20:00,27.2,8,64,8,0,,,,,,,
29/07/2014 21:00,26.7,8,70,8,0,,,,,,,
29/07/2014 22:00,26.4,8,72,8,0,,,,,,,
29/07/2014 23:00,26.2,8,73,8,0,,,,,,,
30/07/2014 0:00,25.9,8,74,8,0,,,,,,,
30/07/2014 1:00,25.9,8,75,8,0,,,,,,,
30/07/2014 2:00,25.5,8,77,8,0,,,,,,,
30/07/2014 3:00,25.6,8,78,8,0,,,,,,,
30/07/2014 4:00,25.4,8,79,8,0,,,,,,,
30/07/2014 5:00,25.2,8,80,8,0,,,,,,,
30/07/2014 6:00,25.2,8,80,8,0,,,,,,,
30/07/2014 7:00,25.9,8,77,8,0,,,,,,,
30/07/2014 8:00,27.7,8,69,8,0,,,,,,,
30/07/2014 9:00,27.5,8,67,8,0,,,,,,,
30/07/2014 10:00,29.7,8,60,8,0,,,,,,,
30/07/2014 11:00,29.5,8,60,8,0,,,,,,,
30/07/2014 12:00,30.6,8,56,8,0,,,,,,,
30/07/2014 13:00,30.4,8,56,8,0,,,,,,,
30/07/2014 14:00,30.5,8,55,8,0,,,,,,,
30/07/2014 15:00,31.1,8,53,8,0,,,,,,,
30/07/2014 16:00,30.2,8,56,8,0,,,,,,,
30/07/2014 17:00,29.8,8,57,8,0,,,,,,,
30/07/2014 18:00,28.9,8,66,8,0,,,,,,,
30/07/2014 19:00,28.1,8,70,8,0,,,,,,,
30/07/2014 20:00,27.5,8,75,8,0,,,,,,,
30/07/2014 21:00,27.4,8,78,8,0,,,,,,,
30/07/2014 22:00,27.3,8,78,8,0,,,,,,,
30/07/2014 23:00,27.3,8,79,8,0,,,,,,,
31/07/2014 0:00,27.3,8,82,8,0,,,,,,,
31/07/2014 1:00,27.1,8,81,8,0,,,,,,,
31/07/2014 2:00,27,8,80,8,0,,,,,,,
31/07/2014 3:00,26.8,8,79,8,0,,,,,,,
31/07/2014 4:00,26.5,8,81,8,0,,,,,,,
31/07/2014 5:00,26.3,8,82,8,0,,,,,,,
31/07/2014 6:00,26.5,8,84,8,0,,,,,,,
31/07/2014 7:00,27.3,8,77,8,0,,,,,,,
31/07/2014 8:00,28.2,8,72,8,0,,,,,,,
31/07/2014 9:00,29.3,8,67,8,0,,,,,,,
31/07/2014 10:00,30.1,8,67,8,0,,,,,,,
31/07/2014 11:00,31.5,8,63,8,0,,,,,,,
31/07/2014 12:00,32.5,8,58,8,0,,,,,,,
31/07/2014 13:00,32.8,8,54,8,0,,,,,,,
31/07/2014 14:00,33,8,55,8,0,,,,,,,
31/07/2014 15:00,33.1,8,54,8,0,,,,,,,
31/07/2014 16:00,32.6,8,57,8,0,,,,,,,
31/07/2014 17:00,32.1,8,58,8,0,,,,,,,
31/07/2014 18:00,31.1,8,66,8,0,,,,,,,
31/07/2014 19:00,29.9,8,69,8,0,,,,,,,
31/07/2014 20:00,29.1,8,72,8,0,,,,,,,
31/07/2014 21:00,28.8,8,75,8,0,,,,,,,
31/07/2014 22:00,28.7,8,76,8,0,,,,,,,
31/07/2014 23:00,28.5,8,76,8,0,,,,,,,
1/08/2014 0:00,28.4,8,76,8,0,,,,,,,
1/08/2014 1:00,27.9,8,78,8,0,,,,,,,
1/08/2014 2:00,27.9,8,73,8,0,,,,,,,
1/08/2014 3:00,27.1,8,81,8,0,,,,,,,
1/08/2014 4:00,26.8,8,83,8,0,,,,,,,
1/08/2014 5:00,26.9,8,84,8,0,,,,,,,
1/08/2014 6:00,27.3,8,80,8,0,,,,,,,
1/08/2014 7:00,28.3,8,76,8,0,,,,,,,
1/08/2014 8:00,29.4,8,72,8,0,,,,,,,
1/08/2014 9:00,30.2,8,67,8,0,,,,,,,
1/08/2014 10:00,32.2,8,60,8,0,,,,,,,
1/08/2014 11:00,32.6,8,63,8,0,,,,,,,
1/08/2014 12:00,32.7,8,61,8,0,,,,,,,
1/08/2014 13:00,32.4,8,60,8,0,,,,,,,
1/08/2014 14:00,32.8,8,58,8,0,,,,,,,
1/08/2014 15:00,32.7,8,62,8,0,,,,,,,
1/08/2014 16:00,32.3,8,62,8,0,,,,,,,
1/08/2014 17:00,31.5,8,66,8,0,,,,,,,
1/08/2014 18:00,30.5,8,72,8,0,,,,,,,
1/08/2014 19:00,29.5,8,75,8,0,,,,,,,
1/08/2014 20:00,28.9,8,78,8,0,,,,,,,
1/08/2014 21:00,29.8,8,72,8,0,,,,,,,
1/08/2014 22:00,29,8,74,8,0,,,,,,,
1/08/2014 23:00,28,8,75,8,0,,,,,,,
2/08/2014 0:00,27.9,8,74,8,0,,,,,,,
2/08/2014 1:00,27.9,8,73,8,0,,,,,,,
2/08/2014 2:00,27.3,8,74,8,0,,,,,,,
2/08/2014 3:00,27.5,8,74,8,0,,,,,,,
2/08/2014 4:00,27.5,8,77,8,0,,,,,,,
2/08/2014 5:00,27.3,8,79,8,0,,,,,,,
2/08/2014 6:00,27.6,8,80,8,0,,,,,,,
2/08/2014 7:00,29.2,8,71,8,0,,,,,,,
2/08/2014 8:00,30.5,8,66,8,0,,,,,,,
2/08/2014 9:00,31.4,8,61,8,0,,,,,,,
2/08/2014 10:00,31.9,8,57,8,0,,,,,,,
2/08/2014 11:00,33.3,8,59,8,0,,,,,,,
2/08/2014 12:00,33.3,8,56,8,0,,,,,,,
2/08/2014 13:00,34.1,8,52,8,0,,,,,,,
2/08/2014 14:00,34.6,8,46,8,0,,,,,,,
2/08/2014 15:00,33.9,8,49,8,0,,,,,,,
2/08/2014 16:00,33.1,8,56,8,0,,,,,,,
2/08/2014 17:00,33.2,8,52,8,0,,,,,,,
2/08/2014 18:00,32.9,8,57,8,0,,,,,,,
2/08/2014 19:00,31.9,8,63,8,0,,,,,,,
2/08/2014 20:00,31.5,8,62,8,0,,,,,,,
2/08/2014 21:00,31.5,8,61,8,0,,,,,,,
2/08/2014 22:00,31,8,59,8,0,,,,,,,
2/08/2014 23:00,30.4,8,61,8,0,,,,,,,
3/08/2014 0:00,29.8,8,65,8,0,,,,,,,
3/08/2014 1:00,29.3,8,64,8,0,,,,,,,
3/08/2014 2:00,29.3,8,66,8,0,,,,,,,
3/08/2014 3:00,28.2,8,71,8,0,,,,,,,
3/08/2014 4:00,28.3,8,71,8,0,,,,,,,
3/08/2014 5:00,28.5,8,73,8,0,,,,,,,
3/08/2014 6:00,28.4,8,72,8,0,,,,,,,
3/08/2014 7:00,29.3,8,68,8,0,,,,,,,
3/08/2014 8:00,30.4,8,62,8,0,,,,,,,
3/08/2014 9:00,32,8,56,8,0,,,,,,,
3/08/2014 10:00,32.8,8,55,8,0,,,,,,,
3/08/2014 11:00,33.2,8,60,8,0,,,,,,,
3/08/2014 12:00,33.6,8,55,8,0,,,,,,,
3/08/2014 13:00,35,8,46,8,0,,,,,,,
3/08/2014 14:00,35.2,8,46,8,0,,,,,,,
3/08/2014 15:00,33.2,8,51,8,0,,,,,,,
3/08/2014 16:00,32.2,8,58,8,0,,,,,,,
3/08/2014 17:00,31.7,8,59,8,0,,,,,,,
3/08/2014 18:00,31.9,8,57,8,0,,,,,,,
3/08/2014 19:00,31,8,60,8,0,,,,,,,
3/08/2014 20:00,30.7,8,61,8,0,,,,,,,
3/08/2014 21:00,30.4,8,63,8,0,,,,,,,
3/08/2014 22:00,29.8,8,65,8,0,,,,,,,
3/08/2014 23:00,29.6,8,66,8,0,,,,,,,
4/08/2014 0:00,29.4,8,66,8,0,,,,,,,
4/08/2014 1:00,28.7,8,71,8,0,,,,,,,
4/08/2014 2:00,28.5,8,71,8,0,,,,,,,
4/08/2014 3:00,28.3,8,70,8,0,,,,,,,
4/08/2014 4:00,28.1,8,72,8,0,,,,,,,
4/08/2014 5:00,27.9,8,73,8,0,,,,,,,
4/08/2014 6:00,28.4,8,71,8,0,,,,,,,
4/08/2014 7:00,29.1,8,69,8,0,,,,,,,
4/08/2014 8:00,30.5,8,62,8,0,,,,,,,
4/08/2014 9:00,31.2,8,62,8,0,,,,,,,
4/08/2014 10:00,32.7,8,57,8,0,,,,,,,
4/08/2014 11:00,33.2,8,55,8,0,,,,,,,
4/08/2014 12:00,32.7,8,57,8,0,,,,,,,
4/08/2014 13:00,34.1,8,52,8,0,,,,,,,
4/08/2014 14:00,32.7,8,56,8,0,,,,,,,
4/08/2014 15:00,32,8,59,8,0,,,,,,,
4/08/2014 16:00,31.9,8,59,8,0,,,,,,,
4/08/2014 17:00,31.5,8,61,8,0,,,,,,,
4/08/2014 18:00,31.6,8,59,8,0,,,,,,,
4/08/2014 19:00,31.1,8,58,8,0,,,,,,,
4/08/2014 20:00,30.5,8,59,8,0,,,,,,,
4/08/2014 21:00,29.8,8,63,8,0,,,,,,,
4/08/2014 22:00,29.1,8,67,8,0,,,,,,,
4/08/2014 23:00,28.7,8,70,8,0,,,,,,,
5/08/2014 0:00,28.7,8,71,8,0,,,,,,,
5/08/2014 1:00,28.7,8,70,8,0,,,,,,,
5/08/2014 2:00,28.5,8,72,8,0,,,,,,,
5/08/2014 3:00,28.2,8,73,8,0,,,,,,,
5/08/2014 4:00,28.3,8,73,8,0,,,,,,,
5/08/2014 5:00,28.1,8,74,8,0,,,,,,,
5/08/2014 6:00,28.5,8,73,8,0,,,,,,,
5/08/2014 7:00,29.7,8,69,8,0,,,,,,,
5/08/2014 8:00,31.1,8,65,8,0,,,,,,,
5/08/2014 9:00,31.7,8,61,8,0,,,,,,,
5/08/2014 10:00,32.8,8,57,8,0,,,,,,,
5/08/2014 11:00,33.9,8,55,8,0,,,,,,,
5/08/2014 12:00,34.3,8,53,8,0,,,,,,,
5/08/2014 13:00,34.7,8,50,8,0,,,,,,,
5/08/2014 14:00,35.5,8,49,8,0,,,,,,,
5/08/2014 15:00,34.3,8,53,8,0,,,,,,,
5/08/2014 16:00,33.9,8,55,8,0,,,,,,,
5/08/2014 17:00,32.9,8,58,8,0,,,,,,,
5/08/2014 18:00,32.1,8,60,8,0,,,,,,,
5/08/2014 19:00,30.9,8,64,8,0,,,,,,,
5/08/2014 20:00,30.3,8,66,8,0,,,,,,,
5/08/2014 21:00,29.7,8,68,8,0,,,,,,,
5/08/2014 22:00,29.5,8,68,8,0,,,,,,,
5/08/2014 23:00,29.4,8,69,8,0,,,,,,,
6/08/2014 0:00,29.1,8,70,8,0,,,,,,,
6/08/2014 1:00,28.8,8,71,8,0,,,,,,,
6/08/2014 2:00,28.7,8,72,8,0,,,,,,,
6/08/2014 3:00,28.4,8,73,8,0,,,,,,,
6/08/2014 4:00,28.1,8,75,8,0,,,,,,,
6/08/2014 5:00,28,8,75,8,0,,,,,,,
6/08/2014 6:00,28.4,8,74,8,0,,,,,,,
6/08/2014 7:00,29.8,8,68,8,0,,,,,,,
6/08/2014 8:00,31,8,61,8,0,,,,,,,
6/08/2014 9:00,32.1,8,59,8,0,,,,,,,
6/08/2014 10:00,32.8,8,56,8,0,,,,,,,
6/08/2014 11:00,34.2,8,51,8,0,,,,,,,
6/08/2014 12:00,34.6,8,51,8,0,,,,,,,
6/08/2014 13:00,34.7,8,50,8,0,,,,,,,
6/08/2014 14:00,34.7,8,50,8,0,,,,,,,
6/08/2014 15:00,34,8,53,8,0,,,,,,,
6/08/2014 16:00,32.8,8,57,8,0,,,,,,,
6/08/2014 17:00,32,8,60,8,0,,,,,,,
6/08/2014 18:00,31.4,8,62,8,0,,,,,,,
6/08/2014 19:00,30,8,67,8,0,,,,,,,
6/08/2014 20:00,29.7,8,67,8,0,,,,,,,
6/08/2014 21:00,29.3,8,68,8,0,,,,,,,
6/08/2014 22:00,29.2,8,67,8,0,,,,,,,
6/08/2014 23:00,28.8,8,68,8,0,,,,,,,
7/08/2014 0:00,28.5,8,69,8,0,,,,,,,
7/08/2014 1:00,28.4,8,69,8,0,,,,,,,
7/08/2014 2:00,28.3,8,71,8,0,,,,,,,
7/08/2014 3:00,28.3,8,71,8,0,,,,,,,
7/08/2014 4:00,27.9,8,72,8,0,,,,,,,
7/08/2014 5:00,27.8,8,73,8,0,,,,,,,
7/08/2014 6:00,27.8,8,73,8,0,,,,,,,
7/08/2014 7:00,29,8,68,8,0,,,,,,,
7/08/2014 8:00,30.1,8,66,8,0,,,,,,,
7/08/2014 9:00,30.9,8,63,8,0,,,,,,,
7/08/2014 10:00,32,8,59,8,0,,,,,,,
7/08/2014 11:00,31.2,8,65,8,0,,,,,,,
7/08/2014 12:00,32.1,8,62,8,0,,,,,,,
7/08/2014 13:00,32.8,8,58,8,0,,,,,,,
7/08/2014 14:00,33.6,8,53,8,0,,,,,,,
7/08/2014 15:00,32.1,8,58,8,0,,,,,,,
7/08/2014 16:00,31.5,8,63,8,0,,,,,,,
7/08/2014 17:00,30.9,8,64,8,0,,,,,,,
7/08/2014 18:00,29.1,8,65,8,0,,,,,,,
7/08/2014 19:00,28.6,8,68,8,0,,,,,,,
7/08/2014 20:00,28.6,8,65,8,0,,,,,,,
7/08/2014 21:00,28.5,8,63,8,0,,,,,,,
7/08/2014 22:00,28.4,8,64,8,0,,,,,,,
7/08/2014 23:00,28.1,8,68,8,0,,,,,,,
8/08/2014 0:00,27.9,8,70,8,0,,,,,,,
8/08/2014 1:00,27.8,8,70,8,0,,,,,,,
8/08/2014 2:00,27.6,8,70,8,0,,,,,,,
8/08/2014 3:00,27.4,8,72,8,0,,,,,,,
8/08/2014 4:00,27,8,75,8,0,,,,,,,
8/08/2014 5:00,26.9,8,76,8,0,,,,,,,
8/08/2014 6:00,27.1,8,76,8,0,,,,,,,
8/08/2014 7:00,28,8,72,8,0,,,,,,,
8/08/2014 8:00,29.1,8,67,8,0,,,,,,,
8/08/2014 9:00,29.8,8,64,8,0,,,,,,,
8/08/2014 10:00,29.8,8,64,8,0,,,,,,,
8/08/2014 11:00,31,8,63,8,0,,,,,,,
8/08/2014 12:00,31.1,8,61,8,0,,,,,,,
8/08/2014 13:00,30.3,8,64,8,0,,,,,,,
8/08/2014 14:00,31,8,61,8,0,,,,,,,
8/08/2014 15:00,30.2,8,64,8,0,,,,,,,
8/08/2014 16:00,30.6,8,61,8,0,,,,,,,
8/08/2014 17:00,31.2,8,58,8,0,,,,,,,
8/08/2014 18:00,30.7,8,57,8,0,,,,,,,
8/08/2014 19:00,30.2,8,57,8,0,,,,,,,
8/08/2014 20:00,29.1,8,68,8,0,,,,,,,
8/08/2014 21:00,28,8,76,8,0,,,,,,,
8/08/2014 22:00,27.7,8,74,8,0,,,,,,,
8/08/2014 23:00,27.6,8,73,8,0,,,,,,,
9/08/2014 0:00,27.4,8,69,8,0,,,,,,,
9/08/2014 1:00,27.1,8,74,8,0,,,,,,,
9/08/2014 2:00,26.8,8,74,8,0,,,,,,,
9/08/2014 3:00,26.4,8,80,8,0,,,,,,,
9/08/2014 4:00,26.3,8,83,8,0,,,,,,,
9/08/2014 5:00,26.2,8,85,8,0,,,,,,,
9/08/2014 6:00,25.4,8,87,8,0,,,,,,,
9/08/2014 7:00,25.3,8,83,8,0,,,,,,,
9/08/2014 8:00,25.2,8,81,8,0,,,,,,,
9/08/2014 9:00,25.5,8,78,8,0,,,,,,,
9/08/2014 10:00,26.6,8,73,8,0,,,,,,,
9/08/2014 11:00,26.4,8,75,8,0,,,,,,,
9/08/2014 12:00,25.7,8,79,8,0,,,,,,,
9/08/2014 13:00,26.7,8,75,8,0,,,,,,,
9/08/2014 14:00,26.6,8,74,8,0,,,,,,,
9/08/2014 15:00,26.6,8,76,8,0,,,,,,,
9/08/2014 16:00,25.6,8,78,8,0,,,,,,,
9/08/2014 17:00,25.8,8,76,8,0,,,,,,,
9/08/2014 18:00,24.1,8,83,8,0,,,,,,,
9/08/2014 19:00,23.8,8,84,8,0,,,,,,,
9/08/2014 20:00,23.7,8,83,8,0,,,,,,,
9/08/2014 21:00,23.7,8,81,8,0,,,,,,,
9/08/2014 22:00,23.6,8,82,8,0,,,,,,,
9/08/2014 23:00,23.4,8,85,8,0,,,,,,,
10/08/2014 0:00,22.8,8,89,8,0,,,,,,,
24/07/2015 1:00,25.6,0,89,1.9,0,,,,,,,
24/07/2015 2:00,25.6,0,88,1.5,0,,,,,,,
24/07/2015 3:00,25.2,0,93,1.5,0,,,,,,,
24/07/2015 4:00,25.5,0,89,2.3,0,,,,,,,
24/07/2015 5:00,26,0,88,1.8,0,,,,,,,
24/07/2015 6:00,26.7,0,89,0.7,0,,,,,,,
24/07/2015 7:00,28.5,0,77,1.6,0,,,,,,,
24/07/2015 8:00,29.7,0,69,1.6,0,,,,,,,
24/07/2015 9:00,31,0,68,0.6,0,,,,,,,
24/07/2015 10:00,31.1,0,62,1.7,0,,,,,,,
24/07/2015 11:00,32.7,0,66,2.8,0,,,,,,,
24/07/2015 12:00,32.8,0,64,3.6,0,,,,,,,
24/07/2015 13:00,33,0,58,3.3,0,,,,,,,
24/07/2015 14:00,29.4,0.5,81,2.2,0.5,,,,,,,
24/07/2015 15:00,27.4,6.5,95,2.2,6.5,,,,,,,
24/07/2015 16:00,28.1,0,93,2.2,0,,,,,,,
24/07/2015 17:00,27.3,0,96,1.3,0,,,,,,,
24/07/2015 18:00,28.2,0,80,3,0,,,,,,,
24/07/2015 19:00,28.1,0,83,2,0,,,,,,,
24/07/2015 20:00,26.5,0,93,1.9,0,,,,,,,
24/07/2015 21:00,27.5,0,82,2.9,0,,,,,,,
24/07/2015 22:00,25.8,0,94,1.7,0,,,,,,,
24/07/2015 23:00,26,0,96,2.1,0,,,,,,,
25/07/2015 0:00,25.6,0,95,1.8,0,,,,,,,
25/07/2015 1:00,25.4,0,96,2.4,0,,,,,,,
25/07/2015 2:00,25.2,0,98,1.7,0,,,,,,,
25/07/2015 3:00,25.1,0,99,1.5,0,,,,,,,
25/07/2015 4:00,24.8,0,98,1,0,,,,,,,
25/07/2015 5:00,25.2,0,99,1.6,0,,,,,,,
25/07/2015 6:00,26.4,0,93,0.7,0,,,,,,,
25/07/2015 7:00,27.8,0,82,0.5,0,,,,,,,
25/07/2015 8:00,28.2,0,80,1.3,0,,,,,,,
25/07/2015 9:00,28.5,0,82,1.3,0,,,,,,,
25/07/2015 10:00,30.7,0,69,2,0,,,,,,,
25/07/2015 11:00,31.7,0,64,1.8,0,,,,,,,
25/07/2015 12:00,32.4,0,64,3.8,0,,,,,,,
25/07/2015 13:00,31.4,0,66,4.5,0,,,,,,,
25/07/2015 14:00,32.2,0,59,4.7,0,,,,,,,
25/07/2015 15:00,32.6,0,60,3.7,0,,,,,,,
25/07/2015 16:00,32.4,0,62,3.7,0,,,,,,,
25/07/2015 17:00,31.9,0,62,3.1,0,,,,,,,
25/07/2015 18:00,30.4,0,70,2.8,0,,,,,,,
25/07/2015 19:00,28.8,0,78,1.7,0,,,,,,,
25/07/2015 20:00,27.7,0,86,1.9,0,,,,,,,
25/07/2015 21:00,27.7,0,86,1.8,0,,,,,,,
25/07/2015 22:00,27.6,0,89,1.8,0,,,,,,,
25/07/2015 23:00,26.9,0,92,2,0,,,,,,,
26/07/2015 0:00,26.5,0,93,2,0,,,,,,,
26/07/2015 1:00,26.4,0,94,1.2,0,,,,,,,
26/07/2015 2:00,26.1,0,97,0.9,0,,,,,,,
26/07/2015 3:00,26.1,0,98,1.5,0,,,,,,,
26/07/2015 4:00,26.1,0,97,1.1,0,,,,,,,
26/07/2015 5:00,26.5,0,91,2.1,0,,,,,,,
26/07/2015 6:00,27.5,0,88,0.8,0,,,,,,,
26/07/2015 7:00,29.5,0,77,1.8,0,,,,,,,
26/07/2015 8:00,30.2,0,70,0.9,0,,,,,,,
26/07/2015 9:00,31.9,0,65,1.2,0,,,,,,,
26/07/2015 10:00,32.6,0,63,1.2,0,,,,,,,
26/07/2015 11:00,34.2,0,60,2.3,0,,,,,,,
26/07/2015 12:00,34.3,0,56,3.2,0,,,,,,,
26/07/2015 13:00,34.3,0,50,3.7,0,,,,,,,
26/07/2015 14:00,35.1,0,49,3.4,0,,,,,,,
26/07/2015 15:00,34.7,0,50,4.1,0,,,,,,,
26/07/2015 16:00,34.2,0,57,4.9,0,,,,,,,
26/07/2015 17:00,32.7,0,64,4.1,0,,,,,,,
26/07/2015 18:00,32.1,0,67,3.7,0,,,,,,,
26/07/2015 19:00,31,0,68,3.5,0,,,,,,,
26/07/2015 20:00,30.1,0,71,2.9,0,,,,,,,
26/07/2015 21:00,29.3,0,68,2.5,0,,,,,,,
26/07/2015 22:00,28.5,0,72,2.5,0,,,,,,,
26/07/2015 23:00,27.8,0,75,2.8,0,,,,,,,
27/07/2015 0:00,26.9,0,83,2,0,,,,,,,
27/07/2015 1:00,26.3,0,87,1.4,0,,,,,,,
27/07/2015 2:00,26,0,90,1.1,0,,,,,,,
27/07/2015 3:00,25.7,0,93,1.3,0,,,,,,,
27/07/2015 4:00,26.9,0,83,2,0,,,,,,,
27/07/2015 5:00,27.1,0,79,2.4,0,,,,,,,
27/07/2015 6:00,28.1,0,75,1.8,0,,,,,,,
27/07/2015 7:00,29.1,0,69,2.3,0,,,,,,,
27/07/2015 8:00,30.7,0,60,2,0,,,,,,,
27/07/2015 9:00,32.5,0,61,0.7,0,,,,,,,
27/07/2015 10:00,32.8,0,57,2.1,0,,,,,,,
27/07/2015 11:00,33.8,0,60,3.8,0,,,,,,,
27/07/2015 12:00,33.8,0,58,3.8,0,,,,,,,
27/07/2015 13:00,33.7,0,54,3.3,0,,,,,,,
27/07/2015 14:00,34.2,0,56,4.2,0,,,,,,,
27/07/2015 15:00,33.7,0,55,4.2,0,,,,,,,
27/07/2015 16:00,33.4,0,58,3.5,0,,,,,,,
27/07/2015 17:00,32.9,0,61,2.9,0,,,,,,,
27/07/2015 18:00,32,0,59,4.7,0,,,,,,,
27/07/2015 19:00,30.7,0,63,4.7,0,,,,,,,
27/07/2015 20:00,30.4,0,64,2.8,0,,,,,,,
27/07/2015 21:00,29.6,0,70,1.9,0,,,,,,,
27/07/2015 22:00,29,0,76,2.5,0,,,,,,,
27/07/2015 23:00,28.6,0,79,2.3,0,,,,,,,
28/07/2015 0:00,28.1,0,83,2,0,,,,,,,
28/07/2015 1:00,27.4,0,85,1.9,0,,,,,,,
28/07/2015 2:00,27.5,0,87,1.1,0,,,,,,,
28/07/2015 3:00,28.4,0,81,1.6,0,,,,,,,
28/07/2015 4:00,27.4,0,87,1.4,0,,,,,,,
28/07/2015 5:00,27.5,0,84,1.5,0,,,,,,,
28/07/2015 6:00,27.6,0,82,2.2,0,,,,,,,
28/07/2015 7:00,28.7,0,77,2.2,0,,,,,,,
28/07/2015 8:00,28.2,0,80,1.8,0,,,,,,,
28/07/2015 9:00,29,0,75,1.1,0,,,,,,,
28/07/2015 10:00,28.6,0,76,2.9,0,,,,,,,
28/07/2015 11:00,30.4,0,65,4.3,0,,,,,,,
28/07/2015 12:00,31.3,0,63,2.1,0,,,,,,,
28/07/2015 13:00,32.9,0,57,2.6,0,,,,,,,
28/07/2015 14:00,32.6,0,57,2.4,0,,,,,,,
28/07/2015 15:00,32.8,0,52,3,0,,,,,,,
28/07/2015 16:00,33.2,0,50,3.3,0,,,,,,,
28/07/2015 17:00,32.8,0,53,2.8,0,,,,,,,
28/07/2015 18:00,31.1,0,65,3.5,0,,,,,,,
28/07/2015 19:00,30.3,0,70,4.2,0,,,,,,,
28/07/2015 20:00,29.9,0,72,3.9,0,,,,,,,
28/07/2015 21:00,29.4,0,76,3.2,0,,,,,,,
28/07/2015 22:00,28.5,0,80,2.8,0,,,,,,,
28/07/2015 23:00,28.1,0,82,2.5,0,,,,,,,
29/07/2015 0:00,27.2,0,82,1.7,0,,,,,,,
29/07/2015 1:00,28.3,0,75,1.4,0,,,,,,,
29/07/2015 2:00,28.7,0,69,1.9,0,,,,,,,
29/07/2015 3:00,28.1,0,71,1.8,0,,,,,,,
29/07/2015 4:00,27.9,0,74,1.8,0,,,,,,,
29/07/2015 5:00,27.5,0,78,1.9,0,,,,,,,
29/07/2015 6:00,27.4,0,73,2.2,0,,,,,,,
29/07/2015 7:00,28.2,0,72,1.4,0,,,,,,,
29/07/2015 8:00,29.4,0,66,2,0,,,,,,,
29/07/2015 9:00,29.9,0,71,1.8,0,,,,,,,
29/07/2015 10:00,29.6,0,68,1.8,0,,,,,,,
29/07/2015 11:00,31,0,57,1.4,0,,,,,,,
29/07/2015 12:00,31.3,0,63,1.9,0,,,,,,,
29/07/2015 13:00,30.8,0,63,3,0,,,,,,,
29/07/2015 14:00,31.8,0,59,2.6,0,,,,,,,
29/07/2015 15:00,31.3,0,60,4.4,0,,,,,,,
29/07/2015 16:00,31.6,0,64,3.5,0,,,,,,,
29/07/2015 17:00,31.1,0,65,3.4,0,,,,,,,
29/07/2015 18:00,30,0,66,5.3,0,,,,,,,
29/07/2015 19:00,29.4,0,68,4.5,0,,,,,,,
29/07/2015 20:00,28.9,0,73,3.6,0,,,,,,,
29/07/2015 21:00,28.5,0,77,2.5,0,,,,,,,
29/07/2015 22:00,28.2,0,80,2.8,0,,,,,,,
29/07/2015 23:00,28,0,80,2.3,0,,,,,,,
30/07/2015 0:00,27.7,0,83,1.5,0,,,,,,,
30/07/2015 1:00,27.6,0,86,0.6,0,,,,,,,
30/07/2015 2:00,26.8,0,89,1.1,0,,,,,,,
30/07/2015 3:00,27.5,0,83,1.5,0,,,,,,,
30/07/2015 4:00,27.4,0,84,2.2,0,,,,,,,
30/07/2015 5:00,26.5,0,91,1.8,0,,,,,,,
30/07/2015 6:00,27.5,0,90,0.7,0,,,,,,,
30/07/2015 7:00,29.3,0,81,0.6,0,,,,,,,
30/07/2015 8:00,29.3,0,78,1,0,,,,,,,
30/07/2015 9:00,28.6,0,77,2.2,0,,,,,,,
30/07/2015 10:00,31,0,65,1.2,0,,,,,,,
30/07/2015 11:00,31,0,66,2.9,0,,,,,,,
30/07/2015 12:00,31.4,0,66,2.9,0,,,,,,,
30/07/2015 13:00,33.4,0,48,3.6,0,,,,,,,
30/07/2015 14:00,31.1,0,58,3.9,0,,,,,,,
30/07/2015 15:00,30.1,0,69,2.9,0,,,,,,,
30/07/2015 16:00,30.1,0,79,3.2,0,,,,,,,
30/07/2015 17:00,30.3,0,76,2.8,0,,,,,,,
30/07/2015 18:00,30.2,0,74,3.1,0,,,,,,,
30/07/2015 19:00,29.4,0,73,1.5,0,,,,,,,
30/07/2015 20:00,28.9,0,73,2.7,0,,,,,,,
30/07/2015 21:00,28.6,0,72,2.1,0,,,,,,,
30/07/2015 22:00,28.2,0,74,2.1,0,,,,,,,
30/07/2015 23:00,27.5,0,73,2.5,0,,,,,,,
31/07/2015 0:00,26.8,0,79,1.2,0,,,,,,,
31/07/2015 1:00,27.4,0,83,2.5,0,,,,,,,
31/07/2015 2:00,26.8,0,88,1.8,0,,,,,,,
31/07/2015 3:00,26.3,0,90,1.2,0,,,,,,,
31/07/2015 4:00,26.5,0,91,2.3,0,,,,,,,
31/07/2015 5:00,26.3,0,93,2.2,0,,,,,,,
31/07/2015 6:00,27,0,90,1.9,0,,,,,,,
31/07/2015 7:00,28.9,0,79,0.9,0,,,,,,,
31/07/2015 8:00,28.9,0,81,1.1,0,,,,,,,
31/07/2015 9:00,29.3,0,80,0.8,0,,,,,,,
31/07/2015 10:00,31.4,0,63,3,0,,,,,,,
31/07/2015 11:00,33.1,0,56,3.6,0,,,,,,,
31/07/2015 12:00,33.3,0,53,3.2,0,,,,,,,
31/07/2015 13:00,34,0,44,3.5,0,,,,,,,
31/07/2015 14:00,34.3,0,47,3.7,0,,,,,,,
31/07/2015 15:00,33.9,0,49,4.1,0,,,,,,,
31/07/2015 16:00,33.6,0,55,4.9,0,,,,,,,
31/07/2015 17:00,32.6,0,59,3.7,0,,,,,,,
31/07/2015 18:00,31.5,0,64,3.9,0,,,,,,,
31/07/2015 19:00,30.5,0,66,3,0,,,,,,,
31/07/2015 20:00,29.4,0,72,3.2,0,,,,,,,
31/07/2015 21:00,29,0,76,2.9,0,,,,,,,
31/07/2015 22:00,28.9,0,79,3.2,0,,,,,,,
31/07/2015 23:00,28.3,0,83,2.4,0,,,,,,,
1/08/2015 0:00,27.9,0,85,2.8,0,,,,,,,
1/08/2015 1:00,27.7,0,86,1.7,0,,,,,,,
1/08/2015 2:00,27.4,0,89,1.6,0,,,,,,,
1/08/2015 3:00,26.9,0,93,1.7,0,,,,,,,
1/08/2015 4:00,26.8,0,93,2,0,,,,,,,
1/08/2015 5:00,27,0,94,1.6,0,,,,,,,
1/08/2015 6:00,27.9,0,90,2,0,,,,,,,
1/08/2015 7:00,28.6,0,85,1.9,0,,,,,,,
1/08/2015 8:00,30.6,0,79,0.7,0,,,,,,,
1/08/2015 9:00,32.2,0,71,0.9,0,,,,,,,
1/08/2015 10:00,33.3,0,63,1,0,,,,,,,
1/08/2015 11:00,33.5,0,66,3.3,0,,,,,,,
1/08/2015 12:00,33.8,0,61,3,0,,,,,,,
1/08/2015 13:00,34.5,0,59,3.2,0,,,,,,,
1/08/2015 14:00,34.6,0,56,4.7,0,,,,,,,
1/08/2015 15:00,34.7,0,55,4.5,0,,,,,,,
1/08/2015 16:00,34.4,0,53,4.2,0,,,,,,,
1/08/2015 17:00,32.2,0,61,3.9,0,,,,,,,
1/08/2015 18:00,31.2,0,67,4.8,0,,,,,,,
1/08/2015 19:00,30.3,0,71,3.9,0,,,,,,,
1/08/2015 20:00,29.7,0,76,2.9,0,,,,,,,
1/08/2015 21:00,29.1,0,84,3.1,0,,,,,,,
1/08/2015 22:00,28.3,0,88,1.7,0,,,,,,,
1/08/2015 23:00,28.4,0,87,2,0,,,,,,,
2/08/2015 0:00,28.1,0,89,2.2,0,,,,,,,
2/08/2015 1:00,27.7,0,90,1.4,0,,,,,,,
2/08/2015 2:00,28.1,0,84,2.6,0,,,,,,,
2/08/2015 3:00,27.2,0,89,1.3,0,,,,,,,
2/08/2015 4:00,26.7,0,91,1.4,0,,,,,,,
2/08/2015 5:00,26.4,0,94,0.6,0,,,,,,,
2/08/2015 6:00,27.2,0,90,1.5,0,,,,,,,
2/08/2015 7:00,28.2,0,83,1.3,0,,,,,,,
2/08/2015 8:00,29.8,0,68,0.8,0,,,,,,,
2/08/2015 9:00,31.2,0,63,1.1,0,,,,,,,
2/08/2015 10:00,32.9,0,59,1.8,0,,,,,,,
2/08/2015 11:00,33.5,0,57,2.7,0,,,,,,,
2/08/2015 12:00,33.7,0,56,3.7,0,,,,,,,
2/08/2015 13:00,34.1,0,57,4.5,0,,,,,,,
2/08/2015 14:00,34.1,0,58,5.2,0,,,,,,,
2/08/2015 15:00,33.7,0,59,4.8,0,,,,,,,
2/08/2015 16:00,33.1,0,62,4.8,0,,,,,,,
2/08/2015 17:00,31.9,0,68,4.3,0,,,,,,,
2/08/2015 18:00,30.3,0,73,5.1,0,,,,,,,
2/08/2015 19:00,29.8,0,73,3.7,0,,,,,,,
2/08/2015 20:00,30,0,73,1.8,0,,,,,,,
2/08/2015 21:00,28.6,0,61,2.1,0,,,,,,,
2/08/2015 22:00,29.5,0,76,2.6,0,,,,,,,
2/08/2015 23:00,28.8,0,60,1.4,0,,,,,,,
3/08/2015 0:00,27.5,0,69,1.2,0,,,,,,,
3/08/2015 1:00,26.8,0,77,1.3,0,,,,,,,
3/08/2015 2:00,27.4,0,90,3,0,,,,,,,
3/08/2015 3:00,27.1,0,92,1.9,0,,,,,,,
3/08/2015 4:00,26.9,0,95,1,0,,,,,,,
3/08/2015 5:00,27.1,0,68,1.9,0,,,,,,,
3/08/2015 6:00,26.2,0,74,1,0,,,,,,,
3/08/2015 7:00,27.7,0,70,2,0,,,,,,,
3/08/2015 8:00,29.1,0,67,0.7,0,,,,,,,
3/08/2015 9:00,30.4,0,62,1.1,0,,,,,,,
3/08/2015 10:00,32.6,0,60,0.8,0,,,,,,,
3/08/2015 11:00,33.7,0,59,3.5,0,,,,,,,
3/08/2015 12:00,33,0,60,4.3,0,,,,,,,
3/08/2015 13:00,33,0,60,3.9,0,,,,,,,
3/08/2015 14:00,33.7,0,56,4.8,0,,,,,,,
3/08/2015 15:00,33.4,0,58,5.6,0,,,,,,,
3/08/2015 16:00,33.1,0,59,4.5,0,,,,,,,
3/08/2015 17:00,31.7,0,60,5.8,0,,,,,,,
3/08/2015 18:00,30.5,0,66,3.9,0,,,,,,,
3/08/2015 19:00,29.7,0,68,3.8,0,,,,,,,
3/08/2015 20:00,29.1,0,67,4.9,0,,,,,,,
3/08/2015 21:00,28.6,0,76,4.9,0,,,,,,,
3/08/2015 22:00,28.3,0,78,2.9,0,,,,,,,
3/08/2015 23:00,28.5,0,72,5,0,,,,,,,
4/08/2015 0:00,28.3,0,73,3.8,0,,,,,,,
4/08/2015 1:00,27.8,0,76,3.7,0,,,,,,,
4/08/2015 2:00,26.7,0,83,1.2,0,,,,,,,
4/08/2015 3:00,27.2,0,80,2.2,0,,,,,,,
4/08/2015 4:00,26.7,0,82,2.1,0,,,,,,,
4/08/2015 5:00,27.1,0,79,1.9,0,,,,,,,
4/08/2015 6:00,27.6,0,78,1.4,0,,,,,,,
4/08/2015 7:00,28.7,0,76,1.2,0,,,,,,,
4/08/2015 8:00,29.5,0,73,1.3,0,,,,,,,
4/08/2015 9:00,31.2,0,67,1.1,0,,,,,,,
4/08/2015 10:00,32.7,0,60,1.7,0,,,,,,,
4/08/2015 11:00,33,0,63,4.8,0,,,,,,,
4/08/2015 12:00,34.1,0,58,4,0,,,,,,,
4/08/2015 13:00,33.8,0,56,4.9,0,,,,,,,
4/08/2015 14:00,33.6,0,56,5.9,0,,,,,,,
4/08/2015 15:00,33.8,0,54,4.5,0,,,,,,,
4/08/2015 16:00,33,0,55,3.9,0,,,,,,,
4/08/2015 17:00,32,0,57,5.3,0,,,,,,,
4/08/2015 18:00,30.8,0,60,4.1,0,,,,,,,
4/08/2015 19:00,29.6,0,70,4.7,0,,,,,,,
4/08/2015 20:00,28.7,0,68,5.2,0,,,,,,,
4/08/2015 21:00,28.7,0,70,4.9,0,,,,,,,
4/08/2015 22:00,28.3,0,72,4,0,,,,,,,
4/08/2015 23:00,28.2,0,76,4.9,0,,,,,,,
5/08/2015 0:00,28,0,77,3.1,0,,,,,,,
5/08/2015 1:00,27.6,0,79,4.2,0,,,,,,,
5/08/2015 2:00,27.4,0,79,2.9,0,,,,,,,
5/08/2015 3:00,27.6,0,78,3.2,0,,,,,,,
5/08/2015 4:00,26.2,0,85,1.2,0,,,,,,,
5/08/2015 5:00,26.3,0,88,1.4,0,,,,,,,
5/08/2015 6:00,27.7,0,77,2.9,0,,,,,,,
5/08/2015 7:00,29,0,71,2.3,0,,,,,,,
5/08/2015 8:00,30.1,0,62,4.3,0,,,,,,,
5/08/2015 9:00,31.9,0,58,2.7,0,,,,,,,
5/08/2015 10:00,33.1,0,55,4,0,,,,,,,
5/08/2015 11:00,34.9,0,53,6.2,0,,,,,,,
5/08/2015 12:00,34.5,0,50,5.5,0,,,,,,,
5/08/2015 13:00,34.2,0,57,6.7,0,,,,,,,
5/08/2015 14:00,33.8,0,58,6.7,0,,,,,,,
5/08/2015 15:00,33,0,62,6.8,0,,,,,,,
5/08/2015 16:00,32.4,0,64,6.2,0,,,,,,,
5/08/2015 17:00,31.5,0,68,5.3,0,,,,,,,
5/08/2015 18:00,30.4,0,71,4.4,0,,,,,,,
5/08/2015 19:00,29.6,0,74,3.7,0,,,,,,,
5/08/2015 20:00,29.1,0,74,4.6,0,,,,,,,
5/08/2015 21:00,29,0,75,4.5,0,,,,,,,
5/08/2015 22:00,28.9,0,74,4.4,0,,,,,,,
5/08/2015 23:00,28.6,0,76,3,0,,,,,,,
6/08/2015 0:00,28.4,0,74,3.4,0,,,,,,,
6/08/2015 1:00,27.9,0,77,2.6,0,,,,,,,
6/08/2015 2:00,28,0,76,4,0,,,,,,,
6/08/2015 3:00,27.5,0,78,3.5,0,,,,,,,
6/08/2015 4:00,27.7,0,77,3,0,,,,,,,
6/08/2015 5:00,27.7,0,77,2.6,0,,,,,,,
6/08/2015 6:00,27.9,0,78,1.8,0,,,,,,,
6/08/2015 7:00,29.6,0,70,1.3,0,,,,,,,
6/08/2015 8:00,30.9,0,66,1.6,0,,,,,,,
6/08/2015 9:00,32,0,59,1.8,0,,,,,,,
6/08/2015 10:00,33.8,0,58,3.3,0,,,,,,,
6/08/2015 11:00,34.1,0,57,4.2,0,,,,,,,
6/08/2015 12:00,34.6,0,57,4.5,0,,,,,,,
6/08/2015 13:00,34.3,0,55,5.2,0,,,,,,,
6/08/2015 14:00,35.2,0,56,4.7,0,,,,,,,
6/08/2015 15:00,34.5,0,54,4.6,0,,,,,,,
6/08/2015 16:00,34,0,53,4.1,0,,,,,,,
6/08/2015 17:00,33.1,0,59,3,0,,,,,,,
6/08/2015 18:00,31.3,0,65,2.8,0,,,,,,,
6/08/2015 19:00,30.4,0,71,2.2,0,,,,,,,
6/08/2015 20:00,29.7,0,75,3.1,0,,,,,,,
6/08/2015 21:00,29.6,0,76,1.5,0,,,,,,,
6/08/2015 22:00,30.2,0,73,1.7,0,,,,,,,
6/08/2015 23:00,28.5,0,82,1.6,0,,,,,,,
7/08/2015 0:00,28.1,0,85,1.3,0,,,,,,,
7/08/2015 1:00,28.4,0,75,3.3,0,,,,,,,
7/08/2015 2:00,27.6,0,76,0.9,0,,,,,,,
7/08/2015 3:00,28,0,68,1.8,0,,,,,,,
7/08/2015 4:00,27.4,0,67,1.3,0,,,,,,,
7/08/2015 5:00,26.8,0,72,0.8,0,,,,,,,
7/08/2015 6:00,28.1,0,70,1.6,0,,,,,,,
7/08/2015 7:00,29.6,0,67,1.5,0,,,,,,,
7/08/2015 8:00,31.2,0,63,1.5,0,,,,,,,
7/08/2015 9:00,32.5,0,55,2.6,0,,,,,,,
7/08/2015 10:00,33.7,0,50,2.1,0,,,,,,,
7/08/2015 11:00,35.1,0,45,1.5,0,,,,,,,
7/08/2015 12:00,36.2,0,46,2.1,0,,,,,,,
7/08/2015 13:00,36.4,0,46,1.2,0,,,,,,,
7/08/2015 14:00,35.3,0,50,3.1,0,,,,,,,
7/08/2015 15:00,36.2,0,46,3.5,0,,,,,,,
7/08/2015 16:00,35.5,0,48,3.5,0,,,,,,,
7/08/2015 17:00,33.3,0,59,4.1,0,,,,,,,
7/08/2015 18:00,32.4,0,62,3.6,0,,,,,,,
7/08/2015 19:00,32,0,62,3.6,0,,,,,,,
7/08/2015 20:00,31,0,65,3.2,0,,,,,,,
7/08/2015 21:00,30.4,0,66,3,0,,,,,,,
7/08/2015 22:00,30.2,0,64,2.5,0,,,,,,,
7/08/2015 23:00,29.7,0,66,3.1,0,,,,,,,
8/08/2015 0:00,29,0,72,2.1,0,,,,,,,
8/08/2015 1:00,28.3,0,74,2.5,0,,,,,,,
8/08/2015 2:00,27.7,0,74,3.4,0,,,,,,,
8/08/2015 3:00,26.9,0,73,2.7,0,,,,,,,
8/08/2015 4:00,26.2,0,83,3.1,0,,,,,,,
8/08/2015 5:00,26.2,0,82,1.4,0,,,,,,,
8/08/2015 6:00,26.1,0,82,3.1,0,,,,,,,
8/08/2015 7:00,27,0,78,3,0,,,,,,,
8/08/2015 8:00,26.3,0,79,3.4,0,,,,,,,
8/08/2015 9:00,26.9,0,75,4.1,0,,,,,,,
8/08/2015 10:00,27.8,0,72,3.1,0,,,,,,,
8/08/2015 11:00,28.3,0,63,3.8,0,,,,,,,
8/08/2015 12:00,29.9,0,60,2.1,0,,,,,,,
8/08/2015 13:00,30.1,0,59,2.8,0,,,,,,,
8/08/2015 14:00,31,0,57,3.1,0,,,,,,,
8/08/2015 15:00,30.6,0,57,2.5,0,,,,,,,
8/08/2015 16:00,30.3,0,59,5.1,0,,,,,,,
8/08/2015 17:00,29.5,0,62,4.3,0,,,,,,,
8/08/2015 18:00,27.9,0,65,3.9,0,,,,,,,
8/08/2015 19:00,26.7,0,70,5,0,,,,,,,
8/08/2015 20:00,26.4,0,74,3.1,0,,,,,,,
8/08/2015 21:00,25.9,0,76,1.7,0,,,,,,,
8/08/2015 22:00,25.3,0,77,3.7,0,,,,,,,
8/08/2015 23:00,25.1,0,76,3,0,,,,,,,
9/08/2015 0:00,24.9,0,75,3.9,0,,,,,,,
9/08/2015 1:00,24.9,0,75,1.8,0,,,,,,,
9/08/2015 2:00,25.1,0,74,1.6,0,,,,,,,
9/08/2015 3:00,25.3,0,73,1.9,0,,,,,,,
9/08/2015 4:00,25.1,0,74,2.3,0,,,,,,,
9/08/2015 5:00,25,0,75,2,0,,,,,,,
9/08/2015 6:00,25.7,0,74,1.8,0,,,,,,,
9/08/2015 7:00,25.8,0,72,1.4,0,,,,,,,
9/08/2015 8:00,26.8,0,68,2.4,0,,,,,,,
9/08/2015 9:00,27.1,0,66,1.9,0,,,,,,,
9/08/2015 10:00,27.6,0,65,2.9,0,,,,,,,
9/08/2015 11:00,29.8,0,60,2.5,0,,,,,,,
9/08/2015 12:00,30,0,53,1.9,0,,,,,,,
9/08/2015 13:00,30.7,0,56,1.8,0,,,,,,,
9/08/2015 14:00,31.6,0,51,1.7,0,,,,,,,
9/08/2015 15:00,31.2,0,54,3.7,0,,,,,,,
9/08/2015 16:00,31.8,0,56,4.3,0,,,,,,,
9/08/2015 17:00,30.3,0,62,3.3,0,,,,,,,
9/08/2015 18:00,30,0,62,3.3,0,,,,,,,
9/08/2015 19:00,29.1,0,63,3,0,,,,,,,
9/08/2015 20:00,28.6,0,66,3,0,,,,,,,
9/08/2015 21:00,27.7,0,74,2.6,0,,,,,,,
9/08/2015 22:00,27.3,0,78,2.4,0,,,,,,,
9/08/2015 23:00,26.9,0,84,2.9,0,,,,,,,
10/08/2015 0:00,26.5,0,87,1.9,0,,,,,,,
24/07/2016 1:00,21.1,0,82,3.1,0,,,,,,,
24/07/2016 2:00,20.5,0,83,2.5,0,,,,,,,
24/07/2016 3:00,19.4,0,88,1.5,0,,,,,,,
24/07/2016 4:00,19.7,0,88,1.3,0,,,,,,,
24/07/2016 5:00,19.8,0,87,1.2,0,,,,,,,
24/07/2016 6:00,20.6,0,87,1,0,,,,,,,
24/07/2016 7:00,21.9,0,78,1.4,0,,,,,,,
24/07/2016 8:00,23.2,0,72,1.6,0,,,,,,,
24/07/2016 9:00,24.3,0,70,3.2,0,,,,,,,
24/07/2016 10:00,25.4,0,68,3,0,,,,,,,
24/07/2016 11:00,26.4,0,60,2.7,0,,,,,,,
24/07/2016 12:00,26.8,0,64,2.4,0,,,,,,,
24/07/2016 13:00,26.8,0,60,1.7,0,,,,,,,
24/07/2016 14:00,27.4,0,58,2,0,,,,,,,
24/07/2016 15:00,28.2,0,59,1.8,0,,,,,,,
24/07/2016 16:00,26.8,0,61,3.6,0,,,,,,,
24/07/2016 17:00,26.9,0,58,2.3,0,,,,,,,
24/07/2016 18:00,26.5,0,59,2.4,0,,,,,,,
24/07/2016 19:00,24.8,0,75,1.9,0,,,,,,,
24/07/2016 20:00,24.1,0,76,3.2,0,,,,,,,
24/07/2016 21:00,23.5,0,79,3.7,0,,,,,,,
24/07/2016 22:00,23.2,0,80,2.7,0,,,,,,,
24/07/2016 23:00,23.1,0,81,2.4,0,,,,,,,
25/07/2016 0:00,22.8,0,82,2.3,0,,,,,,,
25/07/2016 1:00,22.4,0,85,1.6,0,,,,,,,
25/07/2016 2:00,22.4,0,85,1.6,0,,,,,,,
25/07/2016 3:00,22.1,0,87,2.1,0,,,,,,,
25/07/2016 4:00,21.6,0,89,1.7,0,,,,,,,
25/07/2016 5:00,21.4,0,90,1.4,0,,,,,,,
25/07/2016 6:00,22,0,86,1.8,0,,,,,,,
25/07/2016 7:00,22.6,0,81,1.9,0,,,,,,,
25/07/2016 8:00,23.7,0,75,1.5,0,,,,,,,
25/07/2016 9:00,24.5,0,72,1.6,0,,,,,,,
25/07/2016 10:00,25.9,0,70,1,0,,,,,,,
25/07/2016 11:00,25.8,0,70,1.6,0,,,,,,,
25/07/2016 12:00,26.8,0,65,2.8,0,,,,,,,
25/07/2016 13:00,27.6,0,65,1.5,0,,,,,,,
25/07/2016 14:00,27,0,67,1.7,0,,,,,,,
25/07/2016 15:00,27.4,0,73,1.4,0,,,,,,,
25/07/2016 16:00,26.5,0,74,1.5,0,,,,,,,
25/07/2016 17:00,25.7,0,77,2,0,,,,,,,
25/07/2016 18:00,26.2,0,70,3.4,0,,,,,,,
25/07/2016 19:00,25.3,0,78,3.2,0,,,,,,,
25/07/2016 20:00,25.4,0,78,3.4,0,,,,,,,
25/07/2016 21:00,25.5,0,77,3.5,0,,,,,,,
25/07/2016 22:00,25.2,0,76,3.6,0,,,,,,,
25/07/2016 23:00,24.9,0,76,4,0,,,,,,,
26/07/2016 0:00,24.4,0,82,3.5,0,,,,,,,
26/07/2016 1:00,24.1,0,85,2.1,0,,,,,,,
26/07/2016 2:00,23.6,0,88,1.5,0,,,,,,,
26/07/2016 3:00,23.4,0,90,2,0,,,,,,,
26/07/2016 4:00,23.2,0,91,1.9,0,,,,,,,
26/07/2016 5:00,23.1,0,92,1.8,0,,,,,,,
26/07/2016 6:00,23.8,0,87,1.8,0,,,,,,,
26/07/2016 7:00,24,0,87,1.7,0,,,,,,,
26/07/2016 8:00,23.9,0,90,1.7,0,,,,,,,
26/07/2016 9:00,24,0,87,3,0,,,,,,,
26/07/2016 10:00,24.6,0,87,2,0,,,,,,,
26/07/2016 11:00,25.5,0,81,4,0,,,,,,,
26/07/2016 12:00,26.6,0,71,4.8,0,,,,,,,
26/07/2016 13:00,25.9,0,71,5.5,0,,,,,,,
26/07/2016 14:00,25.3,0,73,4.2,0,,,,,,,
26/07/2016 15:00,24.7,0,83,3.3,0,,,,,,,
26/07/2016 16:00,24.5,0,81,3.6,0,,,,,,,
26/07/2016 17:00,24.3,0,82,2,0,,,,,,,
26/07/2016 18:00,23.1,0,89,4.1,0,,,,,,,
26/07/2016 19:00,23,0,87,2.3,0,,,,,,,
26/07/2016 20:00,22.1,0.5,89,4.6,0.5,,,,,,,
26/07/2016 21:00,21.7,0.5,94,3.5,0.5,,,,,,,
26/07/2016 22:00,22.6,0,92,4.3,0,,,,,,,
26/07/2016 23:00,22.5,0,95,3.4,0,,,,,,,
27/07/2016 0:00,22.5,0,99,1.2,0,,,,,,,
27/07/2016 1:00,22.9,0,95,2,0,,,,,,,
27/07/2016 2:00,23.2,0,88,3.1,0,,,,,,,
27/07/2016 3:00,23.4,0,90,3.2,0,,,,,,,
27/07/2016 4:00,23.4,0,90,2.1,0,,,,,,,
27/07/2016 5:00,23.1,0,93,3.4,0,,,,,,,
27/07/2016 6:00,23.4,0,90,2.7,0,,,,,,,
27/07/2016 7:00,23.5,0,87,3.2,0,,,,,,,
27/07/2016 8:00,23.5,0,86,3.8,0,,,,,,,
27/07/2016 9:00,24.7,0,82,3.1,0,,,,,,,
27/07/2016 10:00,25.2,0,79,3.4,0,,,,,,,
27/07/2016 11:00,26.2,0,72,4.4,0,,,,,,,
27/07/2016 12:00,26.5,0,71,3.7,0,,,,,,,
27/07/2016 13:00,26.4,0,72,3.3,0,,,,,,,
27/07/2016 14:00,25.6,0,76,4,0,,,,,,,
27/07/2016 15:00,25.4,0,80,3.2,0,,,,,,,
27/07/2016 16:00,25.1,0,82,4.1,0,,,,,,,
27/07/2016 17:00,25.3,0,80,2.7,0,,,,,,,
27/07/2016 18:00,24.9,0,83,2.8,0,,,,,,,
27/07/2016 19:00,24.6,0,84,2.4,0,,,,,,,
27/07/2016 20:00,24.3,0,84,2.9,0,,,,,,,
27/07/2016 21:00,24,0,85,2.7,0,,,,,,,
27/07/2016 22:00,23.9,0,86,2.3,0,,,,,,,
27/07/2016 23:00,24.2,0,85,2.2,0,,,,,,,
28/07/2016 0:00,24.1,0,85,1.1,0,,,,,,,
28/07/2016 1:00,24.1,0,86,3,0,,,,,,,
28/07/2016 2:00,23.9,0,88,2.3,0,,,,,,,
28/07/2016 3:00,23.5,0,91,2,0,,,,,,,
28/07/2016 4:00,23.6,0,90,1.9,0,,,,,,,
28/07/2016 5:00,24.2,0,88,1.6,0,,,,,,,
28/07/2016 6:00,24.3,0,89,2.3,0,,,,,,,
28/07/2016 7:00,24.6,0,89,1.9,0,,,,,,,
28/07/2016 8:00,26.3,0,80,3.3,0,,,,,,,
28/07/2016 9:00,28.1,0,73,2.2,0,,,,,,,
28/07/2016 10:00,28.3,0,69,3.2,0,,,,,,,
28/07/2016 11:00,29.4,0,67,3,0,,,,,,,
28/07/2016 12:00,28.3,0,70,3.1,0,,,,,,,
28/07/2016 13:00,28.4,0,71,3.8,0,,,,,,,
28/07/2016 14:00,30.3,0,65,4.6,0,,,,,,,
28/07/2016 15:00,29.5,0,69,4.3,0,,,,,,,
28/07/2016 16:00,28.4,0,69,4.6,0,,,,,,,
28/07/2016 17:00,28.1,0,69,3.3,0,,,,,,,
28/07/2016 18:00,28.2,0,70,3.3,0,,,,,,,
28/07/2016 19:00,27.4,0,71,3.4,0,,,,,,,
28/07/2016 20:00,26.9,0,73,2.2,0,,,,,,,
28/07/2016 21:00,26.2,0,77,3.4,0,,,,,,,
28/07/2016 22:00,25.3,0,82,2.4,0,,,,,,,
28/07/2016 23:00,24.9,0,84,1.5,0,,,,,,,
29/07/2016 0:00,24.4,0,88,2,0,,,,,,,
29/07/2016 1:00,24.8,0,87,3.1,0,,,,,,,
29/07/2016 2:00,24.3,0,90,2.2,0,,,,,,,
29/07/2016 3:00,24.1,0,91,2,0,,,,,,,
29/07/2016 4:00,23.3,0,96,2.2,0,,,,,,,
29/07/2016 5:00,23,0,98,2,0,,,,,,,
29/07/2016 6:00,24.5,0,91,1.8,0,,,,,,,
29/07/2016 7:00,26,0,83,2.2,0,,,,,,,
29/07/2016 8:00,26.4,0,79,1.6,0,,,,,,,
29/07/2016 9:00,27.8,0,75,1.7,0,,,,,,,
29/07/2016 10:00,30,0,67,3.7,0,,,,,,,
29/07/2016 11:00,30.1,0,65,4,0,,,,,,,
29/07/2016 12:00,31.1,0,59,3.7,0,,,,,,,
29/07/2016 13:00,30.8,0,51,4.1,0,,,,,,,
29/07/2016 14:00,31.7,0,47,3.4,0,,,,,,,
29/07/2016 15:00,31.4,0,47,3.7,0,,,,,,,
29/07/2016 16:00,30.6,0,55,5.8,0,,,,,,,
29/07/2016 17:00,29.6,0,61,3.7,0,,,,,,,
29/07/2016 18:00,28.6,0,61,4.4,0,,,,,,,
29/07/2016 19:00,27.2,0,66,4.4,0,,,,,,,
29/07/2016 20:00,26.4,0,67,3.5,0,,,,,,,
29/07/2016 21:00,26,0,72,2.9,0,,,,,,,
29/07/2016 22:00,25.2,0,75,2.6,0,,,,,,,
29/07/2016 23:00,25.6,0,75,2.4,0,,,,,,,
30/07/2016 0:00,24.5,0,82,2,0,,,,,,,
30/07/2016 1:00,23.7,0,87,2.2,0,,,,,,,
30/07/2016 2:00,23.3,0,90,2.4,0,,,,,,,
30/07/2016 3:00,22.9,0,93,2,0,,,,,,,
30/07/2016 4:00,22.5,0,95,1.4,0,,,,,,,
30/07/2016 5:00,22.3,0,97,0.7,0,,,,,,,
30/07/2016 6:00,23.5,0,93,1.3,0,,,,,,,
30/07/2016 7:00,26.2,0,76,1,0,,,,,,,
30/07/2016 8:00,25.5,0,80,0.9,0,,,,,,,
30/07/2016 9:00,27.6,0,72,0.7,0,,,,,,,
30/07/2016 10:00,29.2,0,65,1.2,0,,,,,,,
30/07/2016 11:00,30.6,0,50,3.3,0,,,,,,,
30/07/2016 12:00,31.9,0,48,2.5,0,,,,,,,
30/07/2016 13:00,32,0,52,3.3,0,,,,,,,
30/07/2016 14:00,31.8,0,52,3.1,0,,,,,,,
30/07/2016 15:00,31.6,0,55,3.7,0,,,,,,,
30/07/2016 16:00,31.7,0,57,3.8,0,,,,,,,
30/07/2016 17:00,30.1,0,57,4.8,0,,,,,,,
30/07/2016 18:00,28.9,0,63,4.5,0,,,,,,,
30/07/2016 19:00,27.6,0,73,2.3,0,,,,,,,
30/07/2016 20:00,27,0,78,2.9,0,,,,,,,
30/07/2016 21:00,26.5,0,81,2.4,0,,,,,,,
30/07/2016 22:00,26.1,0,81,2.9,0,,,,,,,
30/07/2016 23:00,25.3,0,85,1.3,0,,,,,,,
31/07/2016 0:00,25.2,0,84,2,0,,,,,,,
31/07/2016 1:00,25.9,0,81,2.6,0,,,,,,,
31/07/2016 2:00,25.6,0,84,1.6,0,,,,,,,
31/07/2016 3:00,25.2,0,87,2.1,0,,,,,,,
31/07/2016 4:00,25.1,0,88,1.9,0,,,,,,,
31/07/2016 5:00,25,0,89,1.9,0,,,,,,,
31/07/2016 6:00,25.2,0,86,1.9,0,,,,,,,
31/07/2016 7:00,26.8,0,76,1.9,0,,,,,,,
31/07/2016 8:00,28.5,0,69,4.7,0,,,,,,,
31/07/2016 9:00,28.7,0,64,2.7,0,,,,,,,
31/07/2016 10:00,29.5,0,62,2.4,0,,,,,,,
31/07/2016 11:00,29.9,0,66,3.4,0,,,,,,,
31/07/2016 12:00,28.9,0,67,3.9,0,,,,,,,
31/07/2016 13:00,28.2,0,78,4,0,,,,,,,
31/07/2016 14:00,29.7,0,67,1.6,0,,,,,,,
31/07/2016 15:00,30.5,0,68,3.2,0,,,,,,,
31/07/2016 16:00,29.3,0,71,2.7,0,,,,,,,
31/07/2016 17:00,29.4,0,67,3.6,0,,,,,,,
31/07/2016 18:00,28.5,0,71,4.5,0,,,,,,,
31/07/2016 19:00,27.5,0,77,3.7,0,,,,,,,
31/07/2016 20:00,26.9,0,80,4,0,,,,,,,
31/07/2016 21:00,26.5,0,82,3.8,0,,,,,,,
31/07/2016 22:00,26.5,0,83,3.1,0,,,,,,,
31/07/2016 23:00,26.5,0,82,3.5,0,,,,,,,
1/08/2016 0:00,26.3,0,83,3.8,0,,,,,,,
1/08/2016 1:00,26.4,0,82,2.6,0,,,,,,,
1/08/2016 2:00,26,0,83,2.8,0,,,,,,,
1/08/2016 3:00,26,0,83,1.8,0,,,,,,,
1/08/2016 4:00,24.7,0,93,2,0,,,,,,,
1/08/2016 5:00,25.4,0,87,2.2,0,,,,,,,
1/08/2016 6:00,25.9,0,82,1.7,0,,,,,,,
1/08/2016 7:00,26.5,0,79,1.4,0,,,,,,,
1/08/2016 8:00,27.4,0,76,2.5,0,,,,,,,
1/08/2016 9:00,28.1,0,74,3.6,0,,,,,,,
1/08/2016 10:00,29.1,0,69,2.6,0,,,,,,,
1/08/2016 11:00,29.8,0,67,2.1,0,,,,,,,
1/08/2016 12:00,29.8,0,71,2.7,0,,,,,,,
1/08/2016 13:00,27,1,87,3.1,1,,,,,,,
1/08/2016 14:00,29.1,1,74,1.7,1,,,,,,,
1/08/2016 15:00,28.1,0,87,2,0,,,,,,,
1/08/2016 16:00,29.4,0,67,3,0,,,,,,,
1/08/2016 17:00,29.5,0,66,3.2,0,,,,,,,
1/08/2016 18:00,28.8,0,69,2.7,0,,,,,,,
1/08/2016 19:00,28,0,73,2.5,0,,,,,,,
1/08/2016 20:00,27.3,0,79,1.6,0,,,,,,,
1/08/2016 21:00,27,0,82,2.3,0,,,,,,,
1/08/2016 22:00,26.2,0,87,1.6,0,,,,,,,
1/08/2016 23:00,26.4,0,85,2.7,0,,,,,,,
2/08/2016 0:00,26.4,0,84,1.8,0,,,,,,,
2/08/2016 1:00,25.8,0,87,1.8,0,,,,,,,
2/08/2016 2:00,25.9,0,86,2,0,,,,,,,
2/08/2016 3:00,25.5,0,89,1.8,0,,,,,,,
2/08/2016 4:00,25.7,0,87,1.5,0,,,,,,,
2/08/2016 5:00,24.2,10.5,98,3.1,10.5,,,,,,,
2/08/2016 6:00,22.8,15,99,1.3,15,,,,,,,
2/08/2016 7:00,23.2,1,100,0.5,1,,,,,,,
2/08/2016 8:00,24.9,0.5,95,1.4,0.5,,,,,,,
2/08/2016 9:00,25.9,0,94,1.2,0,,,,,,,
2/08/2016 10:00,26.2,0,91,2.7,0,,,,,,,
2/08/2016 11:00,26,0,92,1.4,0,,,,,,,
2/08/2016 12:00,25.3,0,87,2.3,0,,,,,,,
2/08/2016 13:00,27.4,0,79,2.7,0,,,,,,,
2/08/2016 14:00,27.4,0,80,4.1,0,,,,,,,
2/08/2016 15:00,26.9,0,82,4.3,0,,,,,,,
2/08/2016 16:00,27.7,0,82,3.9,0,,,,,,,
2/08/2016 17:00,27.4,0,81,3.4,0,,,,,,,
2/08/2016 18:00,27.2,0,82,3.3,0,,,,,,,
2/08/2016 19:00,26.3,0,86,3.1,0,,,,,,,
2/08/2016 20:00,26.9,0,83,3.3,0,,,,,,,
2/08/2016 21:00,25.7,0,90,1.8,0,,,,,,,
2/08/2016 22:00,25.9,0,89,2.2,0,,,,,,,
2/08/2016 23:00,25.7,0,92,1.4,0,,,,,,,
3/08/2016 0:00,25.3,0,94,1.7,0,,,,,,,
3/08/2016 1:00,25.3,0,94,1.8,0,,,,,,,
3/08/2016 2:00,25.3,0,96,1.8,0,,,,,,,
3/08/2016 3:00,24,0,97,2.7,0,,,,,,,
3/08/2016 4:00,23.6,15,100,2.5,15,,,,,,,
3/08/2016 5:00,23.4,1,100,0.9,1,,,,,,,
3/08/2016 6:00,24,0,100,2.3,0,,,,,,,
3/08/2016 7:00,23.8,0,99,1.9,0,,,,,,,
3/08/2016 8:00,25.6,0,93,1.5,0,,,,,,,
3/08/2016 9:00,26.8,0,85,1,0,,,,,,,
3/08/2016 10:00,26.7,0,87,1,0,,,,,,,
3/08/2016 11:00,27.6,0,83,1.6,0,,,,,,,
3/08/2016 12:00,29.6,0,70,1.4,0,,,,,,,
3/08/2016 13:00,31,0,68,4.1,0,,,,,,,
3/08/2016 14:00,30.8,0,65,4,0,,,,,,,
3/08/2016 15:00,29.8,0,69,4.5,0,,,,,,,
3/08/2016 16:00,29.2,0,70,4.5,0,,,,,,,
3/08/2016 17:00,28.7,0,74,3.4,0,,,,,,,
3/08/2016 18:00,28,0,74,3.7,0,,,,,,,
3/08/2016 19:00,27.5,0,73,3.6,0,,,,,,,
3/08/2016 20:00,27.3,0,76,3.8,0,,,,,,,
3/08/2016 21:00,27.2,0,76,3.3,0,,,,,,,
3/08/2016 22:00,26.8,0,79,3.7,0,,,,,,,
3/08/2016 23:00,25.5,0,93,2.5,0,,,,,,,
4/08/2016 0:00,25.1,0,94,1.7,0,,,,,,,
4/08/2016 1:00,24.7,0,96,1.5,0,,,,,,,
4/08/2016 2:00,24.9,0,97,1,0,,,,,,,
4/08/2016 3:00,24.9,0,95,1.6,0,,,,,,,
4/08/2016 4:00,24.7,0,95,1.5,0,,,,,,,
4/08/2016 5:00,24.6,0,96,1.7,0,,,,,,,
4/08/2016 6:00,25.1,0,96,1.3,0,,,,,,,
4/08/2016 7:00,26.5,0,91,1.7,0,,,,,,,
4/08/2016 8:00,26.8,0,88,2.1,0,,,,,,,
4/08/2016 9:00,27.7,0,83,1.3,0,,,,,,,
4/08/2016 10:00,28.9,0,78,2,0,,,,,,,
4/08/2016 11:00,31.3,0,66,1.7,0,,,,,,,
4/08/2016 12:00,31.9,0,64,3,0,,,,,,,
4/08/2016 13:00,32.4,0,64,3.8,0,,,,,,,
4/08/2016 14:00,32.6,0,56,3.6,0,,,,,,,
4/08/2016 15:00,31.8,0,60,5.7,0,,,,,,,
4/08/2016 16:00,31.4,0,57,4.5,0,,,,,,,
4/08/2016 17:00,30.4,0,62,3.9,0,,,,,,,
4/08/2016 18:00,29.2,0,64,3.8,0,,,,,,,
4/08/2016 19:00,28.5,0,71,4.2,0,,,,,,,
4/08/2016 20:00,28,0,75,4.3,0,,,,,,,
4/08/2016 21:00,27.5,0,79,4.2,0,,,,,,,
4/08/2016 22:00,27.3,0,82,3.8,0,,,,,,,
4/08/2016 23:00,27.2,0,81,4.2,0,,,,,,,
5/08/2016 0:00,26.9,0,81,3.1,0,,,,,,,
5/08/2016 1:00,26.5,0,81,1.6,0,,,,,,,
5/08/2016 2:00,26.5,0,82,3.4,0,,,,,,,
5/08/2016 3:00,25.7,0,86,1.9,0,,,,,,,
5/08/2016 4:00,24.8,0,92,1.2,0,,,,,,,
5/08/2016 5:00,24.9,0,91,1.5,0,,,,,,,
5/08/2016 6:00,25.6,0,92,1.9,0,,,,,,,
5/08/2016 7:00,26.6,0,86,1.4,0,,,,,,,
5/08/2016 8:00,28.8,0,74,1.4,0,,,,,,,
5/08/2016 9:00,29.9,0,71,1.6,0,,,,,,,
5/08/2016 10:00,31.1,0,63,2.4,0,,,,,,,
5/08/2016 11:00,31.9,0,67,2.4,0,,,,,,,
5/08/2016 12:00,31.3,0,65,4.3,0,,,,,,,
5/08/2016 13:00,33,0,59,4.4,0,,,,,,,
5/08/2016 14:00,33.1,0,60,4.6,0,,,,,,,
5/08/2016 15:00,32.3,0,62,4.8,0,,,,,,,
5/08/2016 16:00,31.9,0,66,4.6,0,,,,,,,
5/08/2016 17:00,30.5,0,68,4.4,0,,,,,,,
5/08/2016 18:00,29.4,0,74,5.2,0,,,,,,,
5/08/2016 19:00,28.5,0,76,3,0,,,,,,,
5/08/2016 20:00,28.2,0,77,3.5,0,,,,,,,
5/08/2016 21:00,27.9,0,79,3.2,0,,,,,,,
5/08/2016 22:00,27.3,0,82,3.4,0,,,,,,,
5/08/2016 23:00,27,0,84,3.1,0,,,,,,,
6/08/2016 0:00,26.7,0,85,1.6,0,,,,,,,
6/08/2016 1:00,26.2,0,87,2.7,0,,,,,,,
6/08/2016 2:00,26.3,0,88,2,0,,,,,,,
6/08/2016 3:00,26.4,0,88,2.3,0,,,,,,,
6/08/2016 4:00,26.3,0,88,2.3,0,,,,,,,
6/08/2016 5:00,25.9,0,90,1.9,0,,,,,,,
6/08/2016 6:00,26.2,0,90,2.1,0,,,,,,,
6/08/2016 7:00,27.4,0,84,1.7,0,,,,,,,
6/08/2016 8:00,28.1,0,79,1,0,,,,,,,
6/08/2016 9:00,29.2,0,75,0.7,0,,,,,,,
6/08/2016 10:00,30.3,0,77,1.1,0,,,,,,,
6/08/2016 11:00,31.8,0,68,2.4,0,,,,,,,
6/08/2016 12:00,32.7,0,62,2.2,0,,,,,,,
6/08/2016 13:00,33.3,0,57,2.2,0,,,,,,,
6/08/2016 14:00,33.5,0,54,2.9,0,,,,,,,
6/08/2016 15:00,33.4,0,57,3.8,0,,,,,,,
6/08/2016 16:00,32.7,0,59,4,0,,,,,,,
6/08/2016 17:00,31.6,0,64,3.6,0,,,,,,,
6/08/2016 18:00,30.1,0,69,3.9,0,,,,,,,
6/08/2016 19:00,29.2,0,74,3.1,0,,,,,,,
6/08/2016 20:00,28.9,0,76,2.8,0,,,,,,,
6/08/2016 21:00,28.5,0,76,4.9,0,,,,,,,
6/08/2016 22:00,27.6,0,79,3,0,,,,,,,
6/08/2016 23:00,26.9,0,84,2.5,0,,,,,,,
7/08/2016 0:00,26.5,0,87,2.7,0,,,,,,,
7/08/2016 1:00,25.7,0,89,1.8,0,,,,,,,
7/08/2016 2:00,25.1,0,89,1.9,0,,,,,,,
7/08/2016 3:00,24.9,0,91,1.7,0,,,,,,,
7/08/2016 4:00,24.7,0,90,1,0,,,,,,,
7/08/2016 5:00,25.6,0,86,1.7,0,,,,,,,
7/08/2016 6:00,26.6,0,82,1.1,0,,,,,,,
7/08/2016 7:00,27.4,0,75,2.6,0,,,,,,,
7/08/2016 8:00,28.7,0,73,2.2,0,,,,,,,
7/08/2016 9:00,29.5,0,66,3.6,0,,,,,,,
7/08/2016 10:00,31.3,0,56,1.8,0,,,,,,,
7/08/2016 11:00,32.5,0,55,2.9,0,,,,,,,
7/08/2016 12:00,32.7,0,55,3.4,0,,,,,,,
7/08/2016 13:00,32.7,0,48,3,0,,,,,,,
7/08/2016 14:00,32.9,0,49,3.7,0,,,,,,,
7/08/2016 15:00,32.3,0,53,4.3,0,,,,,,,
7/08/2016 16:00,31.5,0,58,3.7,0,,,,,,,
7/08/2016 17:00,30.3,0,59,4.3,0,,,,,,,
7/08/2016 18:00,29.3,0,58,4.7,0,,,,,,,
7/08/2016 19:00,28.3,0,67,3.5,0,,,,,,,
7/08/2016 20:00,27.6,0,75,2.8,0,,,,,,,
7/08/2016 21:00,27.3,0,77,2.6,0,,,,,,,
7/08/2016 22:00,27.1,0,78,2.2,0,,,,,,,
7/08/2016 23:00,26.9,0,80,2.7,0,,,,,,,
8/08/2016 0:00,26.6,0,79,3.5,0,,,,,,,
8/08/2016 1:00,26.2,0,79,2.4,0,,,,,,,
8/08/2016 2:00,26.2,0,79,2.3,0,,,,,,,
8/08/2016 3:00,26.1,0,78,2.2,0,,,,,,,
8/08/2016 4:00,25.8,0,78,3.4,0,,,,,,,
8/08/2016 5:00,25.6,0,77,1.9,0,,,,,,,
8/08/2016 6:00,25.6,0,77,2.6,0,,,,,,,
8/08/2016 7:00,26.2,0,75,3,0,,,,,,,
8/08/2016 8:00,26.8,0,71,4.8,0,,,,,,,
8/08/2016 9:00,27.6,0,71,2.9,0,,,,,,,
8/08/2016 10:00,28.9,0,66,4,0,,,,,,,
8/08/2016 11:00,29.5,0,67,3.3,0,,,,,,,
8/08/2016 12:00,30.2,0,64,3.7,0,,,,,,,
8/08/2016 13:00,30.9,0,64,4.8,0,,,,,,,
8/08/2016 14:00,31.8,0,60,4.1,0,,,,,,,
8/08/2016 15:00,32.2,0,56,4.3,0,,,,,,,
8/08/2016 16:00,32.6,0,54,5.5,0,,,,,,,
8/08/2016 17:00,31.3,0,57,3.9,0,,,,,,,
8/08/2016 18:00,30.5,0,59,4.7,0,,,,,,,
8/08/2016 19:00,30,0,60,5.4,0,,,,,,,
8/08/2016 20:00,29.1,0,64,2.9,0,,,,,,,
8/08/2016 21:00,29,0,63,3.5,0,,,,,,,
8/08/2016 22:00,28.4,0,63,3.1,0,,,,,,,
8/08/2016 23:00,27.2,0,67,2.4,0,,,,,,,
9/08/2016 0:00,26,0,73,0.9,0,,,,,,,
9/08/2016 1:00,26.8,0,71,2,0,,,,,,,
9/08/2016 2:00,27.9,0,71,2,0,,,,,,,
9/08/2016 3:00,27.7,0,71,2.3,0,,,,,,,
9/08/2016 4:00,28.1,0,67,2.6,0,,,,,,,
9/08/2016 5:00,28,0,65,2.7,0,,,,,,,
9/08/2016 6:00,27.1,0,69,2.3,0,,,,,,,
9/08/2016 7:00,27.7,0,73,1.8,0,,,,,,,
9/08/2016 8:00,29.9,0,63,1.6,0,,,,,,,
9/08/2016 9:00,33.5,0,47,4.5,0,,,,,,,
9/08/2016 10:00,35.6,0,45,4.4,0,,,,,,,
9/08/2016 11:00,35.8,0,41,4.1,0,,,,,,,
9/08/2016 12:00,36.5,0,36,5.8,0,,,,,,,
9/08/2016 13:00,37.3,0,38,4.2,0,,,,,,,
9/08/2016 14:00,37.1,0,37,4.5,0,,,,,,,
9/08/2016 15:00,36.2,0,38,6.2,0,,,,,,,
9/08/2016 16:00,34.7,0,40,6.1,0,,,,,,,
9/08/2016 17:00,34.5,0,40,5,0,,,,,,,
9/08/2016 18:00,34,0,38,5.5,0,,,,,,,
9/08/2016 19:00,32.5,0,43,4.6,0,,,,,,,
9/08/2016 20:00,32.6,0,44,3.3,0,,,,,,,
9/08/2016 21:00,32.1,0,46,2.8,0,,,,,,,
9/08/2016 22:00,31.3,0,48,2.7,0,,,,,,,
9/08/2016 23:00,30.4,0,53,3.2,0,,,,,,,
10/08/2016 0:00,29,0,59,3.8,0,,,,,,,
24/07/2017 1:00,27,0,80,3.9,0,,,,,,,
24/07/2017 2:00,26.9,0,79,3.7,0,,,,,,,
24/07/2017 3:00,27.1,0,77,4.3,0,,,,,,,
24/07/2017 4:00,27.2,0,77,3.8,0,,,,,,,
24/07/2017 5:00,27.1,0,78,4.5,0,,,,,,,
24/07/2017 6:00,27.1,0,79,4.6,0,,,,,,,
24/07/2017 7:00,27.6,0,79,3.2,0,,,,,,,
24/07/2017 8:00,27.9,0,79,4.5,0,,,,,,,
24/07/2017 9:00,28.8,0,77,4.7,0,,,,,,,
24/07/2017 10:00,30.4,0,68,4.3,0,,,,,,,
24/07/2017 11:00,31.7,0,66,6.3,0,,,,,,,
24/07/2017 12:00,31.4,0,67,5,0,,,,,,,
24/07/2017 13:00,32.4,0,67,6.5,0,,,,,,,
24/07/2017 14:00,32,0,65,5.8,0,,,,,,,
24/07/2017 15:00,31.2,0,67,6.2,0,,,,,,,
24/07/2017 16:00,30.6,0,70,4.4,0,,,,,,,
24/07/2017 17:00,29.8,0,71,5.8,0,,,,,,,
24/07/2017 18:00,29.5,0,71,5.8,0,,,,,,,
24/07/2017 19:00,29.1,0,70,4.7,0,,,,,,,
24/07/2017 20:00,28.6,0,72,5,0,,,,,,,
24/07/2017 21:00,28.7,0,72,5.4,0,,,,,,,
24/07/2017 22:00,28.7,0,71,3.9,0,,,,,,,
24/07/2017 23:00,28.6,0,72,4.5,0,,,,,,,
25/07/2017 0:00,28.1,0,75,4.3,0,,,,,,,
25/07/2017 1:00,27.8,0,77,4.6,0,,,,,,,
25/07/2017 2:00,27.8,0,77,3.6,0,,,,,,,
25/07/2017 3:00,27.6,0,79,3.5,0,,,,,,,
25/07/2017 4:00,27.3,0,80,3.4,0,,,,,,,
25/07/2017 5:00,27.5,0,80,3.3,0,,,,,,,
25/07/2017 6:00,27.6,0,81,3.2,0,,,,,,,
25/07/2017 7:00,28.5,0,79,4.2,0,,,,,,,
25/07/2017 8:00,29.9,0,73,4.2,0,,,,,,,
25/07/2017 9:00,30.3,0,75,2.8,0,,,,,,,
25/07/2017 10:00,30.1,0,75,3.4,0,,,,,,,
25/07/2017 11:00,31.6,0,71,2.5,0,,,,,,,
25/07/2017 12:00,31.4,0,71,3.8,0,,,,,,,
25/07/2017 13:00,31.1,0,73,3.9,0,,,,,,,
25/07/2017 14:00,32.2,0,67,3.7,0,,,,,,,
25/07/2017 15:00,31.1,0,72,3.8,0,,,,,,,
25/07/2017 16:00,30.8,0,72,3.2,0,,,,,,,
25/07/2017 17:00,30.2,0,75,3,0,,,,,,,
25/07/2017 18:00,29.9,0,74,4.4,0,,,,,,,
25/07/2017 19:00,29.6,0,75,3.7,0,,,,,,,
25/07/2017 20:00,29,0,78,1.9,0,,,,,,,
25/07/2017 21:00,28.7,0,79,3.2,0,,,,,,,
25/07/2017 22:00,28.3,0,81,2.7,0,,,,,,,
25/07/2017 23:00,28.3,0,81,2.8,0,,,,,,,
26/07/2017 0:00,28.1,0,82,2.4,0,,,,,,,
26/07/2017 1:00,28,0,83,2.3,0,,,,,,,
26/07/2017 2:00,27.6,0,85,2.3,0,,,,,,,
26/07/2017 3:00,27.7,0,84,2.5,0,,,,,,,
26/07/2017 4:00,27.3,0,87,3.3,0,,,,,,,
26/07/2017 5:00,25.4,0,91,1.5,0,,,,,,,
26/07/2017 6:00,24.3,0,95,2.6,0,,,,,,,
26/07/2017 7:00,24.2,3,99,2.2,3,,,,,,,
26/07/2017 8:00,23.6,10.5,99,2.7,10.5,,,,,,,
26/07/2017 9:00,23.8,1.5,98,2.8,1.5,,,,,,,
26/07/2017 10:00,23.7,9,97,2.9,9,,,,,,,
26/07/2017 11:00,23.6,3.5,95,4.4,3.5,,,,,,,
26/07/2017 12:00,23.7,0.5,96,3.2,0.5,,,,,,,
26/07/2017 13:00,23.8,1,97,2.8,1,,,,,,,
26/07/2017 14:00,24.2,5.5,98,1.6,5.5,,,,,,,
26/07/2017 15:00,24.3,0.5,91,2.5,0.5,,,,,,,
26/07/2017 16:00,23.7,0,95,2.1,0,,,,,,,
26/07/2017 17:00,24.1,0,86,3.1,0,,,,,,,
26/07/2017 18:00,23.9,0,91,3.3,0,,,,,,,
26/07/2017 19:00,23.5,0,93,2.6,0,,,,,,,
26/07/2017 20:00,24.1,0,87,3.3,0,,,,,,,
26/07/2017 21:00,23.8,0,85,3.1,0,,,,,,,
26/07/2017 22:00,24,0,84,2.2,0,,,,,,,
26/07/2017 23:00,23.6,0,84,2.2,0,,,,,,,
27/07/2017 0:00,23.4,0,85,1.9,0,,,,,,,
27/07/2017 1:00,23.9,0,78,3.3,0,,,,,,,
27/07/2017 2:00,23.9,0,77,2.4,0,,,,,,,
27/07/2017 3:00,23.9,0,73,2.2,0,,,,,,,
27/07/2017 4:00,24,0,72,2.3,0,,,,,,,
27/07/2017 5:00,23.9,0,80,1.2,0,,,,,,,
27/07/2017 6:00,23.6,0,83,2.8,0,,,,,,,
27/07/2017 7:00,24,0,76,3,0,,,,,,,
27/07/2017 8:00,23.9,0,72,2.9,0,,,,,,,
27/07/2017 9:00,24.4,0,73,2.2,0,,,,,,,
27/07/2017 10:00,24.7,0,71,2.8,0,,,,,,,
27/07/2017 11:00,25.1,0,70,2.6,0,,,,,,,
27/07/2017 12:00,25.9,0,71,2,0,,,,,,,
27/07/2017 13:00,26,0,73,1.8,0,,,,,,,
27/07/2017 14:00,25.8,0,75,2.9,0,,,,,,,
27/07/2017 15:00,25.6,0,75,2.3,0,,,,,,,
27/07/2017 16:00,25.3,0,83,2.7,0,,,,,,,
27/07/2017 17:00,24.6,0,86,3,0,,,,,,,
27/07/2017 18:00,24,0,89,2.7,0,,,,,,,
27/07/2017 19:00,23.8,0,89,2.7,0,,,,,,,
27/07/2017 20:00,23.4,0,91,3.3,0,,,,,,,
27/07/2017 21:00,23.2,0,91,2.1,0,,,,,,,
27/07/2017 22:00,23.1,0,92,1.7,0,,,,,,,
27/07/2017 23:00,22.8,0,96,0.9,0,,,,,,,
28/07/2017 0:00,22.6,0.5,99,2.3,0.5,,,,,,,
28/07/2017 1:00,22.6,0,100,1,0,,,,,,,
28/07/2017 2:00,22.8,0,99,1.5,0,,,,,,,
28/07/2017 3:00,22.9,0,99,0.7,0,,,,,,,
28/07/2017 4:00,22.9,0,100,1.1,0,,,,,,,
28/07/2017 5:00,23,0,99,1.3,0,,,,,,,
28/07/2017 6:00,23.4,0,98,0.6,0,,,,,,,
28/07/2017 7:00,23.7,0,97,1.6,0,,,,,,,
28/07/2017 8:00,25,0,92,1.1,0,,,,,,,
28/07/2017 9:00,26.4,0,85,1.6,0,,,,,,,
28/07/2017 10:00,28.2,0,77,1.5,0,,,,,,,
28/07/2017 11:00,29.7,0,70,1.8,0,,,,,,,
28/07/2017 12:00,29.3,0,71,2.4,0,,,,,,,
28/07/2017 13:00,30.3,0,72,1.6,0,,,,,,,
28/07/2017 14:00,31.3,0,64,2.7,0,,,,,,,
28/07/2017 15:00,31.4,0,58,1.6,0,,,,,,,
28/07/2017 16:00,30.2,0,69,2.2,0,,,,,,,
28/07/2017 17:00,30,0,70,5,0,,,,,,,
28/07/2017 18:00,28.8,0,77,3.2,0,,,,,,,
28/07/2017 19:00,28.2,0,77,2.9,0,,,,,,,
28/07/2017 20:00,27.5,0,79,4.4,0,,,,,,,
28/07/2017 21:00,27,0,84,3.3,0,,,,,,,
28/07/2017 22:00,26.7,0,84,1.6,0,,,,,,,
28/07/2017 23:00,26.6,0,84,2.7,0,,,,,,,
29/07/2017 0:00,25.5,0,92,2.2,0,,,,,,,
29/07/2017 1:00,25.6,0,91,2.4,0,,,,,,,
29/07/2017 2:00,25.6,0,91,1.6,0,,,,,,,
29/07/2017 3:00,25.6,0,92,1.6,0,,,,,,,
29/07/2017 4:00,25.2,0,92,1.6,0,,,,,,,
29/07/2017 5:00,25.3,0,93,1.4,0,,,,,,,
29/07/2017 6:00,25.6,0,91,1.5,0,,,,,,,
29/07/2017 7:00,26.5,0,87,2.6,0,,,,,,,
29/07/2017 8:00,26.9,0,87,2,0,,,,,,,
29/07/2017 9:00,27.6,0,80,1.4,0,,,,,,,
29/07/2017 10:00,29.4,0,73,1.6,0,,,,,,,
29/07/2017 11:00,29.8,0,71,2.2,0,,,,,,,
29/07/2017 12:00,30.3,0,66,3.7,0,,,,,,,
29/07/2017 13:00,31.4,0,60,3.5,0,,,,,,,
29/07/2017 14:00,31.6,0,60,3.4,0,,,,,,,
29/07/2017 15:00,29.6,0,75,3,0,,,,,,,
29/07/2017 16:00,28.6,0,76,4.4,0,,,,,,,
29/07/2017 17:00,27.6,0,79,2.8,0,,,,,,,
29/07/2017 18:00,25.3,4,96,2.9,4,,,,,,,
29/07/2017 19:00,24.6,3,98,1.9,3,,,,,,,
29/07/2017 20:00,24.9,7,98,3.5,7,,,,,,,
29/07/2017 21:00,24.5,1,98,2.8,1,,,,,,,
29/07/2017 22:00,24.1,1,98,3.1,1,,,,,,,
29/07/2017 23:00,23.8,0,99,1.7,0,,,,,,,
30/07/2017 0:00,23.8,0,99,2.1,0,,,,,,,
30/07/2017 1:00,23.7,0,98,2.4,0,,,,,,,
30/07/2017 2:00,23.8,0,97,2.8,0,,,,,,,
30/07/2017 3:00,23.5,0,98,2.5,0,,,,,,,
30/07/2017 4:00,23.4,0.5,98,2.3,0.5,,,,,,,
30/07/2017 5:00,23.6,0,96,1.4,0,,,,,,,
30/07/2017 6:00,23.7,0,95,2.7,0,,,,,,,
30/07/2017 7:00,23.8,0,96,2.4,0,,,,,,,
30/07/2017 8:00,24.2,0,95,2.2,0,,,,,,,
30/07/2017 9:00,24.7,0,93,2.9,0,,,,,,,
30/07/2017 10:00,25,0,90,2.1,0,,,,,,,
30/07/2017 11:00,25.9,0,86,2.2,0,,,,,,,
30/07/2017 12:00,26.1,0,85,2,0,,,,,,,
30/07/2017 13:00,26.3,0,85,1.6,0,,,,,,,
30/07/2017 14:00,27.3,0,79,3.5,0,,,,,,,
30/07/2017 15:00,28.3,0,74,2.4,0,,,,,,,
30/07/2017 16:00,28.1,0,73,2.1,0,,,,,,,
30/07/2017 17:00,27.7,0,76,1.9,0,,,,,,,
30/07/2017 18:00,27.3,0,79,2.7,0,,,,,,,
30/07/2017 19:00,27.6,0,78,2.1,0,,,,,,,
30/07/2017 20:00,27.3,0,73,2.9,0,,,,,,,
30/07/2017 21:00,26.4,0,75,1.8,0,,,,,,,
30/07/2017 22:00,26,0,78,2,0,,,,,,,
30/07/2017 23:00,25.2,0,82,1.6,0,,,,,,,
31/07/2017 0:00,24.7,0,83,1.7,0,,,,,,,
31/07/2017 1:00,24.2,0,88,1.3,0,,,,,,,
31/07/2017 2:00,24.3,0,90,2,0,,,,,,,
31/07/2017 3:00,23.8,0,93,1.7,0,,,,,,,
31/07/2017 4:00,23.4,0,96,1.3,0,,,,,,,
31/07/2017 5:00,23.5,0,95,1.3,0,,,,,,,
31/07/2017 6:00,24.5,0,94,0.6,0,,,,,,,
31/07/2017 7:00,25.9,0,88,0.9,0,,,,,,,
31/07/2017 8:00,26.6,0,81,0.9,0,,,,,,,
31/07/2017 9:00,28,0,75,1.3,0,,,,,,,
31/07/2017 10:00,28.8,0,75,1,0,,,,,,,
31/07/2017 11:00,31.2,0,71,1.5,0,,,,,,,
31/07/2017 12:00,30.5,0,70,2.2,0,,,,,,,
31/07/2017 13:00,31.9,0,63,2.8,0,,,,,,,
31/07/2017 14:00,32.5,0,64,3.3,0,,,,,,,
31/07/2017 15:00,32,0,61,4.3,0,,,,,,,
31/07/2017 16:00,32,0,61,3.6,0,,,,,,,
31/07/2017 17:00,31,0,63,4.5,0,,,,,,,
31/07/2017 18:00,30,0,64,4.1,0,,,,,,,
31/07/2017 19:00,28.8,0,70,3.8,0,,,,,,,
31/07/2017 20:00,28.5,0,74,2.9,0,,,,,,,
31/07/2017 21:00,28,0,76,2.9,0,,,,,,,
31/07/2017 22:00,27.2,0,81,3.2,0,,,,,,,
31/07/2017 23:00,27.2,0,85,3.7,0,,,,,,,
1/08/2017 0:00,27,0,87,2.7,0,,,,,,,
1/08/2017 1:00,27.1,0,84,4.1,0,,,,,,,
1/08/2017 2:00,26.4,0,88,2.3,0,,,,,,,
1/08/2017 3:00,26.5,0,87,2.4,0,,,,,,,
1/08/2017 4:00,26.5,0,87,1.4,0,,,,,,,
1/08/2017 5:00,25.7,0,91,1,0,,,,,,,
1/08/2017 6:00,26.7,0,89,1.3,0,,,,,,,
1/08/2017 7:00,27.2,0,87,1.5,0,,,,,,,
1/08/2017 8:00,27.5,0,86,1.7,0,,,,,,,
1/08/2017 9:00,27.8,0,84,1.4,0,,,,,,,
1/08/2017 10:00,29,0,77,1.4,0,,,,,,,
1/08/2017 11:00,29.6,0,79,2.6,0,,,,,,,
1/08/2017 12:00,29.9,0,76,2.5,0,,,,,,,
1/08/2017 13:00,30.1,0,71,3.5,0,,,,,,,
1/08/2017 14:00,28.9,0,73,4.9,0,,,,,,,
1/08/2017 15:00,26.6,0,86,4.4,0,,,,,,,
1/08/2017 16:00,26,0,85,3.2,0,,,,,,,
1/08/2017 17:00,25.2,0.5,90,4,0.5,,,,,,,
1/08/2017 18:00,24.4,1.5,95,3.7,1.5,,,,,,,
1/08/2017 19:00,23.8,4,96,4.5,4,,,,,,,
1/08/2017 20:00,23.6,0,97,3.5,0,,,,,,,
1/08/2017 21:00,23.6,0,95,2.9,0,,,,,,,
1/08/2017 22:00,23.3,0.5,95,4,0.5,,,,,,,
1/08/2017 23:00,23.2,0,96,2.4,0,,,,,,,
2/08/2017 0:00,22.7,0,94,4.4,0,,,,,,,
2/08/2017 1:00,22.6,0,92,1.9,0,,,,,,,
2/08/2017 2:00,22.5,0,92,3.5,0,,,,,,,
2/08/2017 3:00,22.2,0,91,3.1,0,,,,,,,
2/08/2017 4:00,22,0,92,3.3,0,,,,,,,
2/08/2017 5:00,21.7,0,91,3.1,0,,,,,,,
2/08/2017 6:00,21.9,0,85,3,0,,,,,,,
2/08/2017 7:00,22.5,0,81,3.1,0,,,,,,,
2/08/2017 8:00,22.9,0,81,3.2,0,,,,,,,
2/08/2017 9:00,23.2,0,81,2,0,,,,,,,
2/08/2017 10:00,23.7,0,80,2.2,0,,,,,,,
2/08/2017 11:00,24,0,76,3.3,0,,,,,,,
2/08/2017 12:00,24.6,0,76,3.4,0,,,,,,,
2/08/2017 13:00,24.5,0,78,3,0,,,,,,,
2/08/2017 14:00,24.5,0,75,3.6,0,,,,,,,
2/08/2017 15:00,24.3,0,77,2.6,0,,,,,,,
2/08/2017 16:00,23.8,0,78,3,0,,,,,,,
2/08/2017 17:00,22.8,0,88,3,0,,,,,,,
2/08/2017 18:00,22.3,0.5,86,3.4,0.5,,,,,,,
2/08/2017 19:00,22.3,0,83,3,0,,,,,,,
2/08/2017 20:00,22.4,0,80,3.3,0,,,,,,,
2/08/2017 21:00,22.4,0,77,2.6,0,,,,,,,
2/08/2017 22:00,21.8,0,78,2.5,0,,,,,,,
2/08/2017 23:00,22.2,0,76,2.4,0,,,,,,,
3/08/2017 0:00,21.5,0,81,2,0,,,,,,,
3/08/2017 1:00,21.2,0,83,1,0,,,,,,,
3/08/2017 2:00,21.2,0,83,2.2,0,,,,,,,
3/08/2017 3:00,21,0,84,2.4,0,,,,,,,
3/08/2017 4:00,20.8,0,84,1.5,0,,,,,,,
3/08/2017 5:00,20.8,0,85,1.7,0,,,,,,,
3/08/2017 6:00,21,0,84,2.7,0,,,,,,,
3/08/2017 7:00,22,0,79,2.4,0,,,,,,,
3/08/2017 8:00,22.7,0,77,2.4,0,,,,,,,
3/08/2017 9:00,23.9,0,75,2.7,0,,,,,,,
3/08/2017 10:00,25.2,0,72,3,0,,,,,,,
3/08/2017 11:00,25.8,0,71,2,0,,,,,,,
3/08/2017 12:00,27.3,0,62,1.7,0,,,,,,,
3/08/2017 13:00,27.9,0,64,2.2,0,,,,,,,
3/08/2017 14:00,27.5,0,69,2.7,0,,,,,,,
3/08/2017 15:00,27,0,70,2.2,0,,,,,,,
3/08/2017 16:00,27,0,71,2.5,0,,,,,,,
3/08/2017 17:00,26.7,0,72,3.6,0,,,,,,,
3/08/2017 18:00,26.4,0,73,2.7,0,,,,,,,
3/08/2017 19:00,26.2,0,73,2,0,,,,,,,
3/08/2017 20:00,25.6,0,72,2.7,0,,,,,,,
3/08/2017 21:00,25,0,74,3,0,,,,,,,
3/08/2017 22:00,23.4,0,84,2.7,0,,,,,,,
3/08/2017 23:00,23.6,0,82,1.7,0,,,,,,,
4/08/2017 0:00,23,0,87,1.5,0,,,,,,,
4/08/2017 1:00,23,0,88,1.5,0,,,,,,,
4/08/2017 2:00,22.9,0,89,2.3,0,,,,,,,
4/08/2017 3:00,22.4,0,92,1,0,,,,,,,
4/08/2017 4:00,22.4,0,92,1.9,0,,,,,,,
4/08/2017 5:00,22.1,0,97,1.5,0,,,,,,,
4/08/2017 6:00,22.3,0,96,2,0,,,,,,,
4/08/2017 7:00,22.7,0,94,1.8,0,,,,,,,
4/08/2017 8:00,23.2,0,91,1.5,0,,,,,,,
4/08/2017 9:00,24.4,0,89,2.5,0,,,,,,,
4/08/2017 10:00,25.3,0,84,1.9,0,,,,,,,
4/08/2017 11:00,26.5,0,79,1.3,0,,,,,,,
4/08/2017 12:00,28.3,0,73,1.1,0,,,,,,,
4/08/2017 13:00,28.7,0,73,3.2,0,,,,,,,
4/08/2017 14:00,28.5,0,76,3.7,0,,,,,,,
4/08/2017 15:00,28.4,0,76,3.1,0,,,,,,,
4/08/2017 16:00,28.5,0,78,3.7,0,,,,,,,
4/08/2017 17:00,27.8,0,80,2.9,0,,,,,,,
4/08/2017 18:00,27.4,0,81,3.3,0,,,,,,,
4/08/2017 19:00,27.5,0,81,2.1,0,,,,,,,
4/08/2017 20:00,27,0,86,3.7,0,,,,,,,
4/08/2017 21:00,26.7,0,86,2.5,0,,,,,,,
4/08/2017 22:00,26.3,0,89,2.7,0,,,,,,,
4/08/2017 23:00,25.8,0,92,2.5,0,,,,,,,
5/08/2017 0:00,25.4,0,96,1.2,0,,,,,,,
5/08/2017 1:00,24.9,0.5,99,2,0.5,,,,,,,
5/08/2017 2:00,24.8,0,100,1.2,0,,,,,,,
5/08/2017 3:00,24.9,0,99,1,0,,,,,,,
5/08/2017 4:00,25,0,98,1.8,0,,,,,,,
5/08/2017 5:00,24.9,0,98,2.2,0,,,,,,,
5/08/2017 6:00,24.8,0,97,2,0,,,,,,,
5/08/2017 7:00,25.1,0,95,1.3,0,,,,,,,
5/08/2017 8:00,26.2,0,91,1.4,0,,,,,,,
5/08/2017 9:00,27.6,0,83,2.2,0,,,,,,,
5/08/2017 10:00,29.6,0,78,0.8,0,,,,,,,
5/08/2017 11:00,29.1,0,76,1.9,0,,,,,,,
5/08/2017 12:00,29.5,0,77,1.9,0,,,,,,,
5/08/2017 13:00,29.8,0,77,1.3,0,,,,,,,
5/08/2017 14:00,31.4,0,70,2.9,0,,,,,,,
5/08/2017 15:00,31.1,0,71,2.1,0,,,,,,,
5/08/2017 16:00,30.7,0,72,3.2,0,,,,,,,
5/08/2017 17:00,30.2,0,72,1.8,0,,,,,,,
5/08/2017 18:00,30.2,0,71,3.2,0,,,,,,,
5/08/2017 19:00,28.8,0,79,2.2,0,,,,,,,
5/08/2017 20:00,28.8,0,79,2.3,0,,,,,,,
5/08/2017 21:00,28.2,0,83,1.7,0,,,,,,,
5/08/2017 22:00,27.5,0,88,2.2,0,,,,,,,
5/08/2017 23:00,26.8,0,91,2.7,0,,,,,,,
6/08/2017 0:00,26.5,0,93,1.4,0,,,,,,,
6/08/2017 1:00,26.7,0,94,2.1,0,,,,,,,
6/08/2017 2:00,26.9,0,94,1.5,0,,,,,,,
6/08/2017 3:00,26.9,0,92,1.5,0,,,,,,,
6/08/2017 4:00,26.7,0,93,2.2,0,,,,,,,
6/08/2017 5:00,26.4,0,92,1.4,0,,,,,,,
6/08/2017 6:00,26.6,0,92,1.8,0,,,,,,,
6/08/2017 7:00,27.3,0,89,1.8,0,,,,,,,
6/08/2017 8:00,28,0,86,1.4,0,,,,,,,
6/08/2017 9:00,28.7,0,84,1.8,0,,,,,,,
6/08/2017 10:00,29.6,0,82,2.4,0,,,,,,,
6/08/2017 11:00,30.3,0,76,1.2,0,,,,,,,
6/08/2017 12:00,31.4,0,66,2.6,0,,,,,,,
6/08/2017 13:00,33.3,0,65,3.6,0,,,,,,,
6/08/2017 14:00,33.3,0,64,3.7,0,,,,,,,
6/08/2017 15:00,32.3,0,67,4,0,,,,,,,
6/08/2017 16:00,31.8,0,68,3.2,0,,,,,,,
6/08/2017 17:00,31.3,0,65,4.8,0,,,,,,,
6/08/2017 18:00,30.1,0,73,3.9,0,,,,,,,
6/08/2017 19:00,29.1,0,76,4.1,0,,,,,,,
6/08/2017 20:00,28.3,0,85,3.6,0,,,,,,,
6/08/2017 21:00,28.2,0,86,3.1,0,,,,,,,
6/08/2017 22:00,27.7,0,89,2.2,0,,,,,,,
6/08/2017 23:00,27.4,0,90,3,0,,,,,,,
7/08/2017 0:00,27.4,0,91,2.7,0,,,,,,,
7/08/2017 1:00,27.1,0,89,4.4,0,,,,,,,
7/08/2017 2:00,27.2,0,87,2.8,0,,,,,,,
7/08/2017 3:00,26.3,0,92,1.3,0,,,,,,,
7/08/2017 4:00,26.3,0,95,1.8,0,,,,,,,
7/08/2017 5:00,26.7,0,91,1.8,0,,,,,,,
7/08/2017 6:00,27.6,0,86,1.7,0,,,,,,,
7/08/2017 7:00,27.2,0,88,1.7,0,,,,,,,
7/08/2017 8:00,29.6,0,79,3,0,,,,,,,
7/08/2017 9:00,29.2,0,82,4,0,,,,,,,
7/08/2017 10:00,30.2,0,77,5.8,0,,,,,,,
7/08/2017 11:00,32.2,0,68,5.4,0,,,,,,,
7/08/2017 12:00,32.6,0,65,5.8,0,,,,,,,
7/08/2017 13:00,32.7,0,62,5.7,0,,,,,,,
7/08/2017 14:00,31.2,0,71,5.6,0,,,,,,,
7/08/2017 15:00,31.6,0,70,6.1,0,,,,,,,
7/08/2017 16:00,30.2,0,74,6.3,0,,,,,,,
7/08/2017 17:00,29.6,0,78,6.2,0,,,,,,,
7/08/2017 18:00,29.5,0,79,6.3,0,,,,,,,
7/08/2017 19:00,27,3.5,96,4.7,3.5,,,,,,,
7/08/2017 20:00,27.1,5.5,96,4.2,5.5,,,,,,,
7/08/2017 21:00,27.4,0,95,5.2,0,,,,,,,
7/08/2017 22:00,27.1,0,93,5.1,0,,,,,,,
7/08/2017 23:00,27.1,0,92,5.3,0,,,,,,,
8/08/2017 0:00,27,0,94,5.1,0,,,,,,,
8/08/2017 1:00,27.6,0,91,4.6,0,,,,,,,
8/08/2017 2:00,27.8,0,90,6.2,0,,,,,,,
8/08/2017 3:00,27.8,0,90,7.5,0,,,,,,,
8/08/2017 4:00,27.7,0,90,5.9,0,,,,,,,
8/08/2017 5:00,27.8,0,89,7.9,0,,,,,,,
8/08/2017 6:00,27.7,0,90,6.1,0,,,,,,,
8/08/2017 7:00,27.2,0,92,4.8,0,,,,,,,
8/08/2017 8:00,27.9,0,86,6.3,0,,,,,,,
8/08/2017 9:00,28.2,0,80,6.8,0,,,,,,,
8/08/2017 10:00,28.5,0,78,4.4,0,,,,,,,
8/08/2017 11:00,31.3,0,65,5.4,0,,,,,,,
8/08/2017 12:00,32.3,0,63,4.2,0,,,,,,,
8/08/2017 13:00,33.1,0,58,2.8,0,,,,,,,
8/08/2017 14:00,33.4,0,65,4,0,,,,,,,
8/08/2017 15:00,32.3,0,70,1.6,0,,,,,,,
8/08/2017 16:00,30.5,0,74,2.6,0,,,,,,,
8/08/2017 17:00,31.9,0,66,1.3,0,,,,,,,
8/08/2017 18:00,30.4,0,74,3.4,0,,,,,,,
8/08/2017 19:00,29,0,84,2,0,,,,,,,
8/08/2017 20:00,29,0,83,2.3,0,,,,,,,
8/08/2017 21:00,28.5,0,83,2.6,0,,,,,,,
8/08/2017 22:00,27.9,0,85,1.4,0,,,,,,,
8/08/2017 23:00,28.4,0,81,1.9,0,,,,,,,
9/08/2017 0:00,27.8,0,85,1.8,0,,,,,,,
9/08/2017 1:00,27.6,0,85,1.9,0,,,,,,,
9/08/2017 2:00,27.7,0,84,1.3,0,,,,,,,
9/08/2017 3:00,27.1,0,87,2.3,0,,,,,,,
9/08/2017 4:00,26.8,0,87,1.4,0,,,,,,,
9/08/2017 5:00,26.5,0,87,2.3,0,,,,,,,
9/08/2017 6:00,27.2,0,82,2,0,,,,,,,
9/08/2017 7:00,28.3,0,79,1.7,0,,,,,,,
9/08/2017 8:00,29.9,0,75,1.3,0,,,,,,,
9/08/2017 9:00,31.6,0,66,1.7,0,,,,,,,
9/08/2017 10:00,34,0,57,1.4,0,,,,,,,
9/08/2017 11:00,35,0,49,2,0,,,,,,,
9/08/2017 12:00,36,0,50,1.9,0,,,,,,,
9/08/2017 13:00,35.8,0,59,4,0,,,,,,,
9/08/2017 14:00,35.2,0,57,4.3,0,,,,,,,
9/08/2017 15:00,33.9,0,63,3.6,0,,,,,,,
9/08/2017 16:00,32,0,69,4,0,,,,,,,
9/08/2017 17:00,31.1,0,76,4.4,0,,,,,,,
9/08/2017 18:00,30.3,0,78,5.5,0,,,,,,,
9/08/2017 19:00,29.3,0,80,4.1,0,,,,,,,
9/08/2017 20:00,28.2,0,85,3.5,0,,,,,,,
9/08/2017 21:00,27.6,0,84,3,0,,,,,,,
9/08/2017 22:00,26.7,0,88,3.3,0,,,,,,,
9/08/2017 23:00,26.1,0,90,3.3,0,,,,,,,
10/08/2017 0:00,26.1,0,89,1.8,0,,,,,,,
